developer_id,commits_per_week,lines_added,lines_deleted,files_changed,bugs_reported,code_review_comments,avg_review_time_hours,test_coverage_percent,deployment_frequency,late_night_commits,commit_risk
dev_07,8,89,54,1,3,0,4.5,67.0,2,1,Medium
dev_20,4,80,100,4,1,4,21.0,78.3,1,0,Medium
dev_08,9,18,9,9,0,4,4.9,79.9,3,0,Low
dev_15,3,33,107,4,0,1,15.9,82.5,2,3,Medium
dev_07,3,36,15,5,0,2,1.8,87.3,1,1,Low
dev_02,5,171,46,7,0,3,5.4,51.7,1,1,Low
dev_18,10,265,53,11,2,4,0.1,55.0,3,1,Medium
dev_14,13,132,55,7,1,2,3.0,57.8,1,0,Medium
dev_08,16,151,18,4,0,2,4.4,64.3,1,0,Low
dev_20,6,38,2,2,1,2,1.6,77.8,3,0,Low
dev_16,4,219,77,5,0,9,6.8,59.5,5,0,Low
dev_12,2,89,56,3,0,6,8.3,48.2,4,2,Low
dev_17,5,178,41,3,2,6,8.0,100.0,6,1,Low
dev_02,9,370,34,2,0,5,12.2,74.9,2,1,Low
dev_11,6,60,148,4,1,3,2.7,70.1,0,0,Low
dev_20,8,148,107,9,0,1,0.5,80.1,5,0,Low
dev_09,7,159,202,6,0,4,0.1,90.9,3,2,Low
dev_10,11,174,16,5,0,1,1.2,53.5,2,0,Low
dev_15,8,84,11,4,0,4,3.6,50.9,1,0,Low
dev_17,8,559,105,3,2,3,1.0,65.2,1,0,Medium
dev_09,9,192,15,5,1,1,5.7,84.6,1,1,Low
dev_18,6,563,25,8,1,6,6.0,70.9,3,2,Medium
dev_15,7,302,18,9,0,3,4.6,63.3,3,1,Low
dev_19,10,152,279,9,2,2,25.1,100.0,1,0,High
dev_20,10,114,61,2,1,1,4.3,74.4,3,0,Low
dev_13,11,29,34,10,0,3,5.1,64.3,7,1,Low
dev_18,2,60,62,6,0,4,17.8,56.2,1,3,Medium
dev_14,11,127,20,4,0,2,6.0,74.9,3,1,Low
dev_01,7,121,34,2,0,1,4.1,49.7,1,0,Low
dev_17,6,104,23,6,3,4,6.7,76.6,3,0,Low
dev_07,11,52,126,7,0,0,12.2,85.7,4,1,Low
dev_12,8,54,20,7,0,5,28.4,92.5,1,0,Medium
dev_09,9,233,108,4,1,2,13.2,83.2,1,1,Medium
dev_08,7,137,106,8,0,3,7.2,77.9,3,1,Low
dev_07,5,154,48,6,2,4,2.1,69.6,2,0,Low
dev_18,10,216,44,7,2,7,7.7,63.3,4,0,Low
dev_17,4,76,100,3,2,2,6.3,88.4,2,1,Low
dev_18,8,132,12,2,1,1,0.2,72.3,0,2,Medium
dev_02,8,311,75,6,0,5,2.4,100.0,2,0,Low
dev_06,8,108,5,6,2,5,5.4,97.1,1,2,Medium
dev_12,5,378,5,4,1,3,1.6,72.7,2,0,Medium
dev_05,5,241,121,5,0,1,16.6,86.0,2,0,Low
dev_18,7,62,66,5,1,6,5.8,78.0,0,3,Medium
dev_16,10,80,33,8,1,4,5.4,42.7,0,1,Medium
dev_14,7,35,5,6,0,0,6.3,71.2,1,1,Low
dev_02,9,51,49,4,2,3,0.0,78.7,3,0,Medium
dev_10,9,519,11,3,0,3,3.0,73.7,1,1,Medium
dev_07,8,287,166,6,1,3,1.3,72.8,3,1,Medium
dev_05,7,280,78,7,1,4,0.2,58.9,1,2,Medium
dev_20,11,175,197,4,0,5,2.3,59.6,5,0,Low
dev_02,8,138,37,4,2,2,9.2,63.5,3,0,Low
dev_20,10,181,42,6,1,2,0.3,54.2,2,0,Low
dev_04,9,187,54,7,1,3,26.7,65.9,0,3,High
dev_17,9,297,85,4,1,1,5.7,84.6,1,2,High
dev_08,6,158,17,4,3,4,4.7,56.4,3,0,Medium
dev_11,8,55,4,3,0,3,4.9,83.9,2,2,Low
dev_14,5,67,80,3,3,5,0.0,52.1,1,1,Medium
dev_14,5,377,151,6,2,2,2.8,86.6,1,1,High
dev_15,8,85,88,6,2,1,7.8,31.9,2,1,Medium
dev_20,5,173,37,4,1,2,4.6,48.6,1,2,Low
dev_07,10,79,158,7,1,3,1.5,99.5,2,0,Low
dev_03,5,146,157,7,0,4,6.4,68.6,3,0,Low
dev_09,13,101,31,5,4,5,1.1,75.5,3,1,Medium
dev_09,11,240,74,4,2,4,6.8,92.9,0,0,Low
dev_09,6,80,38,5,3,2,1.5,60.7,3,1,Medium
dev_06,9,85,91,4,0,3,2.1,89.3,2,0,Low
dev_17,8,152,166,3,1,3,1.1,96.5,2,0,Low
dev_12,9,79,45,6,0,1,0.0,70.4,3,2,Low
dev_09,6,227,42,7,3,2,12.3,87.3,2,1,Medium
dev_17,6,123,47,6,1,0,3.3,73.1,1,0,Low
dev_17,7,285,52,5,1,1,3.0,96.0,1,0,High
dev_01,5,118,22,6,0,1,4.2,73.5,0,0,Low
dev_10,7,42,55,5,1,4,1.2,63.3,2,2,Low
dev_04,8,99,57,6,1,5,12.0,48.4,1,1,Medium
dev_11,12,35,101,2,1,3,12.3,100.0,3,3,Medium
dev_17,1,120,32,1,5,4,2.2,100.0,2,0,High
dev_06,5,117,22,7,0,5,13.2,29.7,2,1,Low
dev_14,9,86,53,1,1,2,11.0,62.1,0,0,Medium
dev_19,10,225,51,4,0,3,3.9,74.9,3,2,Low
dev_07,12,313,91,5,1,2,10.8,71.6,2,1,Medium
dev_11,6,69,52,4,1,6,4.8,80.6,1,0,Low
dev_08,6,196,48,3,2,3,6.7,62.8,2,2,Medium
dev_17,7,213,55,6,1,4,6.1,36.1,2,2,Medium
dev_06,14,56,70,2,0,3,1.5,88.2,1,1,Low
dev_03,3,918,7,2,0,4,5.1,91.9,3,2,Medium
dev_01,10,114,98,4,1,1,0.4,75.2,3,2,Medium
dev_03,7,76,52,3,2,2,6.1,97.2,3,0,Low
dev_16,11,201,51,5,1,7,7.8,68.7,2,0,Low
dev_20,8,233,37,5,1,4,3.9,81.3,3,2,Low
dev_14,6,21,66,5,1,3,2.8,77.4,2,1,Low
dev_20,6,358,24,4,1,4,0.5,73.7,0,2,Medium
dev_02,8,502,15,1,2,1,2.9,76.0,3,1,High
dev_06,3,168,55,3,2,2,1.3,80.4,0,0,Medium
dev_14,7,191,70,6,2,3,6.6,71.5,2,1,Medium
dev_11,5,135,3,6,0,1,1.2,86.9,2,0,Low
dev_04,10,35,141,5,3,2,2.1,40.2,3,2,Medium
dev_12,3,72,10,4,1,4,3.4,100.0,1,1,Low
dev_01,6,54,80,4,1,4,0.1,79.2,4,1,Low
dev_19,6,60,23,7,1,1,3.5,77.3,3,0,Low
dev_11,8,24,177,4,0,4,1.0,84.6,4,0,Low
dev_13,11,13,158,6,2,7,1.5,100.0,1,2,Medium
dev_16,11,173,116,4,1,0,2.7,62.8,3,0,Medium
dev_15,5,209,132,5,1,5,16.9,87.0,4,0,Low
dev_09,8,212,79,2,0,7,10.8,74.0,1,1,Low
dev_08,12,227,83,6,1,4,1.1,59.7,1,1,Medium
dev_05,8,5,134,4,1,1,2.2,57.9,2,1,Medium
dev_16,9,54,54,2,1,4,9.6,59.4,0,1,Low
dev_13,10,136,25,7,1,1,4.9,62.4,2,1,Medium
dev_07,7,104,24,7,3,5,6.7,61.1,1,1,Medium
dev_12,4,471,6,4,0,4,8.9,70.5,2,1,Low
dev_09,5,316,165,6,1,4,2.0,91.2,1,1,Medium
dev_12,5,158,50,9,0,3,13.0,30.1,4,0,Low
dev_20,9,51,98,9,0,3,3.7,76.6,0,1,Low
dev_01,11,74,25,2,0,4,8.2,68.7,0,2,Low
dev_13,9,78,55,2,1,4,3.2,81.7,0,3,Medium
dev_16,9,13,69,4,1,3,10.9,48.7,0,1,Low
dev_10,7,55,31,5,1,6,1.4,71.0,3,1,Low
dev_09,8,109,12,5,0,0,6.5,70.8,1,0,Low
dev_12,4,99,22,4,0,3,4.3,90.7,1,1,Low
dev_04,7,50,46,4,3,1,2.7,65.1,2,0,Medium
dev_13,6,62,59,3,2,0,27.5,80.4,0,1,High
dev_19,9,73,75,6,2,1,19.9,100.0,0,0,Medium
dev_01,7,127,35,3,0,1,6.0,43.3,2,0,Low
dev_15,7,141,14,9,0,2,6.0,70.8,1,1,Low
dev_07,10,451,76,8,2,2,0.5,46.4,3,0,Medium
dev_15,10,261,51,6,1,2,8.9,72.4,4,0,Low
dev_02,12,115,91,2,2,4,16.4,67.2,3,0,Low
dev_04,4,167,45,6,0,1,1.8,60.0,2,1,Low
dev_04,8,146,20,3,1,3,10.6,74.3,3,1,Low
dev_13,8,195,126,1,0,3,0.7,71.7,4,1,Low
dev_04,14,148,24,3,1,1,2.9,73.1,2,1,Low
dev_04,1,666,27,8,4,2,7.0,70.2,1,1,High
dev_19,7,43,73,3,1,2,9.1,75.9,4,3,Medium
dev_19,9,226,1,5,0,6,4.0,91.6,2,1,Low
dev_13,5,36,118,3,1,2,1.2,62.7,1,1,Low
dev_02,9,79,57,7,0,1,2.2,91.1,3,0,Low
dev_20,8,143,109,2,1,2,0.4,83.4,1,1,Low
dev_05,12,36,15,5,1,3,1.3,70.7,6,1,Low
dev_15,11,115,31,3,0,1,3.5,72.7,0,1,Low
dev_07,7,73,119,4,2,4,11.0,73.7,4,0,Low
dev_15,7,111,42,4,1,2,3.0,77.0,3,1,Low
dev_11,10,246,8,5,0,3,4.3,68.9,1,2,Medium
dev_13,8,92,80,8,1,0,14.1,47.1,0,2,Medium
dev_03,15,150,166,4,2,8,7.2,72.5,1,2,Low
dev_06,10,171,127,8,5,6,3.3,75.2,5,2,Medium
dev_04,8,8,56,5,1,2,7.5,53.9,1,0,Low
dev_13,9,277,86,6,4,6,9.8,62.5,2,1,High
dev_06,8,102,17,5,0,0,0.2,36.2,3,1,Low
dev_12,9,361,14,4,1,4,0.9,66.3,2,4,High
dev_06,5,50,199,8,2,3,1.3,94.4,2,1,Low
dev_12,8,90,47,5,0,2,0.7,70.9,2,2,Low
dev_02,8,154,31,5,3,4,1.3,88.6,1,0,Low
dev_18,9,113,134,7,4,3,6.8,50.5,1,1,High
dev_05,12,38,53,4,2,3,15.4,63.5,1,0,Low
dev_04,9,39,95,3,1,3,18.5,78.3,1,0,Medium
dev_04,6,149,44,10,0,2,4.8,89.9,2,0,Low
dev_16,7,118,146,6,2,1,0.6,60.4,1,0,Medium
dev_05,5,56,53,9,1,4,18.2,83.3,3,1,Medium
dev_13,9,138,75,8,0,5,7.1,79.1,3,1,Low
dev_09,10,151,110,6,1,4,2.6,78.2,3,1,Low
dev_06,6,60,50,5,2,0,4.1,98.9,2,2,Medium
dev_10,4,116,58,3,1,4,7.6,67.7,1,1,Low
dev_17,3,191,108,7,3,4,5.2,86.4,4,0,Low
dev_09,5,124,28,5,2,3,12.1,62.0,2,2,Medium
dev_02,9,60,25,6,1,4,16.0,68.9,0,5,High
dev_01,8,277,59,9,3,1,6.6,78.7,0,0,High
dev_13,9,72,38,5,0,1,5.3,92.7,1,0,Low
dev_01,13,165,22,5,0,6,3.4,77.9,0,1,Low
dev_12,3,218,23,7,1,0,24.8,65.4,1,2,High
dev_16,10,163,39,3,0,1,15.4,61.3,3,2,Medium
dev_19,13,122,4,8,0,5,2.8,46.0,1,1,Low
dev_10,6,401,56,6,0,1,10.2,76.2,1,0,Low
dev_19,5,144,85,6,1,5,9.5,77.1,3,1,Low
dev_08,8,75,105,7,0,2,5.2,35.7,2,1,Low
dev_16,7,147,90,5,3,3,2.2,97.0,0,3,High
dev_10,8,58,83,4,2,2,2.0,91.6,1,0,Low
dev_02,6,41,15,9,3,4,1.0,53.3,3,1,Medium
dev_07,12,145,71,5,0,5,6.6,55.4,2,0,Low
dev_12,7,141,82,5,2,6,11.3,80.8,2,2,Medium
dev_17,11,12,32,5,1,2,1.6,85.1,2,3,Medium
dev_07,7,259,82,7,0,0,45.2,72.0,3,0,High
dev_15,11,32,33,5,2,4,15.4,78.3,0,2,Medium
dev_03,3,110,48,4,1,2,9.7,93.9,2,0,Low
dev_02,3,331,49,9,1,3,9.1,89.6,2,1,Medium
dev_07,5,81,3,4,1,1,0.6,54.7,3,0,Low
dev_15,9,122,54,11,1,1,4.6,81.6,0,0,Low
dev_14,11,271,202,6,2,1,1.3,79.4,3,0,Medium
dev_07,7,415,116,6,0,3,18.6,82.7,2,3,High
dev_15,8,77,57,2,1,4,3.2,88.5,4,0,Low
dev_17,8,114,24,6,0,2,5.3,65.9,0,1,Low
dev_20,10,356,101,3,3,3,0.3,100.0,1,2,High
dev_17,12,140,80,6,1,1,1.5,74.8,2,1,Medium
dev_19,10,143,79,3,2,3,0.5,65.7,3,1,Medium
dev_01,7,21,18,5,1,4,5.0,96.1,0,0,Low
dev_20,12,158,98,3,3,3,1.8,97.9,3,0,Medium
dev_01,6,148,13,6,2,3,3.6,86.3,2,2,Medium
dev_15,8,146,37,5,2,3,10.7,100.0,2,0,Medium
dev_01,5,206,82,7,1,5,14.0,58.8,0,0,Medium
dev_11,3,199,99,3,1,3,0.1,78.3,1,2,Medium
dev_16,7,260,5,3,2,3,1.1,64.5,4,1,Low
dev_16,5,182,216,8,0,2,37.9,92.2,1,0,High
dev_03,8,292,48,10,1,4,16.4,95.9,2,1,Medium
dev_18,6,378,51,6,2,3,5.2,77.2,2,1,Medium
dev_02,4,285,116,6,2,2,9.7,76.7,4,2,High
dev_09,7,77,9,2,2,4,0.6,100.0,1,2,Medium
dev_13,7,373,0,8,2,2,6.5,55.6,1,1,High
dev_11,7,9,108,7,2,4,2.8,73.9,2,1,Low
dev_09,7,234,129,4,2,4,10.9,78.2,1,1,Medium
dev_09,5,322,50,5,4,3,4.1,90.7,1,0,High
dev_10,5,49,15,3,0,0,31.3,40.2,3,0,Medium
dev_15,5,89,70,8,3,4,2.0,70.1,2,1,Medium
dev_10,10,41,19,6,1,2,12.0,75.2,2,1,Low
dev_13,9,254,31,4,0,4,13.1,63.0,1,1,Low
dev_07,7,327,27,8,0,4,17.7,63.6,1,1,Low
dev_03,9,198,10,10,1,3,0.3,77.0,3,0,Low
dev_13,6,83,64,3,1,3,6.1,72.1,2,2,Low
dev_04,5,58,58,4,3,2,1.3,94.3,2,0,Medium
dev_06,7,176,83,6,3,2,4.5,98.4,0,1,Medium
dev_18,8,172,10,3,1,2,4.2,81.1,2,0,Medium
dev_04,7,60,79,4,1,3,1.4,65.1,1,1,Low
dev_14,12,125,55,4,4,2,5.2,86.9,1,0,Medium
dev_18,9,182,90,7,1,3,12.9,55.3,1,2,Medium
dev_20,14,109,57,2,2,6,17.1,61.9,3,0,Low
dev_01,7,26,13,6,1,6,7.3,39.1,2,2,Low
dev_16,4,54,72,5,0,3,1.7,46.4,5,1,Low
dev_18,5,266,49,3,3,3,0.8,100.0,1,3,High
dev_12,9,332,106,9,0,4,8.8,62.5,2,1,Medium
dev_04,8,420,75,1,1,1,3.4,84.1,0,0,Low
dev_06,8,117,18,3,1,4,5.6,82.6,2,0,Low
dev_12,6,222,35,10,1,5,16.2,75.5,2,0,Low
dev_14,7,27,20,4,0,3,1.5,61.9,0,0,Low
dev_05,11,98,7,3,1,4,7.9,49.8,0,2,Low
dev_08,8,226,5,7,2,2,3.2,55.3,1,1,Medium
dev_15,10,128,55,3,1,5,0.3,89.5,0,0,Low
dev_11,6,174,59,5,1,3,5.0,62.7,2,5,High
dev_06,7,217,31,2,3,5,7.4,76.3,1,1,Medium
dev_03,10,103,17,4,1,1,6.7,91.1,3,0,Low
dev_12,11,240,30,4,2,0,7.3,70.7,1,1,Medium
dev_12,8,117,27,3,1,7,13.4,83.5,2,1,Low
dev_20,11,37,10,8,1,2,5.9,81.6,0,1,Low
dev_02,10,72,174,5,0,3,12.2,81.6,0,2,Medium
dev_17,7,126,101,3,0,0,1.0,54.1,0,1,Low
dev_10,3,80,123,4,1,6,23.8,64.2,4,4,Medium
dev_15,7,75,18,7,1,7,5.8,77.9,2,3,Low
dev_16,6,73,13,3,0,2,0.2,74.8,3,3,Medium
dev_05,8,103,57,11,0,1,1.2,60.1,2,0,Low
dev_04,6,269,28,3,0,0,12.7,60.2,0,2,Medium
dev_20,6,126,35,7,0,4,1.1,78.7,1,1,Low
dev_12,11,54,9,8,0,0,4.4,62.2,6,0,Low
dev_20,3,334,20,5,1,3,6.4,69.1,1,2,Medium
dev_07,15,100,67,2,0,5,3.0,76.5,1,1,Low
dev_01,9,140,37,8,2,2,0.1,82.0,5,2,Medium
dev_04,14,95,2,7,0,2,18.3,88.0,1,0,Low
dev_12,7,44,50,2,2,4,3.3,99.0,2,1,Low
dev_10,9,237,120,7,0,4,5.6,75.1,3,0,Low
dev_05,13,124,47,3,0,2,3.1,99.0,2,1,Low
dev_10,7,225,52,5,0,4,13.2,76.3,3,1,Low
dev_01,12,53,40,3,1,6,9.0,68.4,1,1,Low
dev_07,7,45,32,6,1,2,6.5,58.7,2,2,Medium
dev_06,6,128,155,5,0,2,0.2,52.7,0,1,Medium
dev_16,4,98,84,4,3,3,5.1,68.6,1,3,High
dev_10,6,145,22,4,1,4,6.7,58.1,1,1,Low
dev_15,10,94,18,10,4,1,4.3,71.8,2,2,High
dev_17,4,379,26,3,1,3,10.0,62.2,3,1,Low
dev_02,10,453,83,3,1,1,4.8,93.1,3,1,Medium
dev_12,9,40,49,8,1,3,0.3,71.7,0,1,Low
dev_10,9,320,16,6,0,3,0.2,95.1,4,0,Low
dev_15,11,87,46,9,1,3,3.1,57.2,0,1,Medium
dev_15,8,86,13,6,0,5,3.0,89.9,6,2,Low
dev_10,11,48,4,4,0,3,3.1,78.7,5,0,Low
dev_04,4,78,22,1,1,3,7.8,81.6,0,3,Medium
dev_15,11,102,43,4,2,6,0.8,73.8,2,0,Low
dev_12,10,37,84,3,1,5,2.1,64.1,1,1,Low
dev_14,5,210,41,7,1,6,1.8,93.2,2,0,Low
dev_12,12,130,248,4,2,3,7.7,80.0,4,1,Medium
dev_04,10,200,20,4,2,4,9.0,100.0,2,0,Low
dev_19,12,131,36,5,1,3,6.7,68.2,1,1,Low
dev_06,4,74,50,7,0,3,21.5,75.5,1,0,Low
dev_04,9,78,195,6,1,2,6.2,64.1,3,0,Low
dev_16,4,135,1,5,1,5,0.6,52.0,1,1,Low
dev_17,10,261,42,6,1,1,5.4,67.1,2,0,Low
dev_10,8,354,48,5,2,2,1.4,59.0,1,0,Medium
dev_03,7,22,13,4,1,2,0.1,65.8,0,3,Medium
dev_07,12,345,23,4,0,2,2.0,74.3,0,1,Low
dev_10,8,130,78,8,1,1,5.2,95.3,3,1,Low
dev_12,4,256,26,6,2,4,9.1,85.5,2,0,Low
dev_17,7,154,23,4,1,2,1.9,67.8,3,1,Medium
dev_08,15,197,54,5,1,3,6.9,94.2,1,1,Medium
dev_05,8,145,5,8,0,7,10.6,87.2,4,0,Low
dev_10,9,223,149,4,3,3,5.9,75.9,5,0,Medium
dev_05,7,148,3,3,1,3,16.5,77.3,2,0,Low
dev_12,8,127,37,4,0,0,2.4,60.0,1,0,Medium
dev_15,12,76,33,5,1,2,4.3,83.8,2,0,Low
dev_20,8,325,20,8,1,2,6.6,83.9,1,1,Medium
dev_14,9,283,94,6,3,0,5.9,97.1,5,0,Medium
dev_16,10,195,31,4,3,4,9.0,67.5,2,0,Low
dev_15,9,184,227,3,1,2,5.8,80.9,0,0,Low
dev_12,12,277,2,2,2,1,5.7,77.0,0,1,Medium
dev_11,10,105,62,2,2,7,2.0,62.5,0,1,Low
dev_17,6,70,11,2,0,5,3.5,42.9,2,0,Low
dev_03,6,225,101,4,1,2,0.2,86.8,3,3,Medium
dev_18,10,17,172,4,0,3,7.8,91.0,1,1,Low
dev_12,6,112,116,3,1,4,15.3,93.4,3,1,Medium
dev_20,11,114,11,5,1,0,0.0,77.3,2,1,Medium
dev_02,9,118,69,4,0,7,10.6,47.6,3,1,Low
dev_14,10,60,116,8,0,5,11.9,68.5,2,4,Medium
dev_20,12,483,57,4,1,3,3.9,71.8,2,0,Medium
dev_04,7,187,2,8,6,2,4.5,66.3,4,1,High
dev_02,12,84,55,5,3,5,0.4,63.8,1,3,Medium
dev_17,14,122,92,3,1,2,5.7,87.0,6,0,Low
dev_07,4,38,48,5,1,1,1.9,85.6,3,0,Low
dev_02,9,108,67,4,0,4,12.3,86.6,4,0,Low
dev_04,4,6,43,4,1,7,3.3,70.3,1,1,Low
dev_18,9,451,73,6,1,2,1.5,87.2,3,2,Medium
dev_17,7,97,56,6,0,3,4.6,72.4,1,1,Low
dev_15,8,78,48,7,1,1,8.4,80.4,0,1,Low
dev_10,9,177,15,6,2,1,2.1,86.1,2,3,Medium
dev_14,10,158,103,5,0,3,2.6,95.4,1,2,Medium
dev_10,6,259,50,3,2,6,0.8,92.7,4,1,Medium
dev_11,8,195,26,10,1,3,5.4,66.2,2,1,Low
dev_19,5,59,271,7,0,4,0.7,81.3,2,2,Low
dev_10,5,90,109,1,0,8,1.8,79.1,1,0,Low
dev_02,8,46,30,7,2,3,0.2,56.4,0,3,Medium
dev_09,13,113,34,6,1,1,7.3,61.5,2,0,Low
dev_12,5,83,32,5,3,3,2.8,70.6,2,1,Medium
dev_06,7,385,62,4,1,3,8.1,71.8,1,2,High
dev_19,11,431,158,5,2,4,6.8,77.8,1,0,Medium
dev_10,4,210,38,6,1,1,19.2,71.9,0,2,Medium
dev_14,5,131,64,4,4,3,6.1,77.4,1,0,Medium
dev_06,9,167,27,3,0,2,0.3,69.8,2,1,Medium
dev_13,7,126,2,2,1,3,19.7,42.7,1,3,Medium
dev_08,10,268,52,3,3,2,12.7,62.2,2,1,Medium
dev_08,8,238,94,8,0,4,8.9,94.9,1,1,Low
dev_03,9,337,62,5,2,4,0.1,77.8,0,2,Medium
dev_04,13,100,6,6,0,3,1.1,72.2,3,2,Low
dev_08,9,149,39,8,2,1,3.9,61.9,1,3,High
dev_20,8,132,117,5,0,2,4.9,69.3,1,0,Low
dev_13,8,187,16,5,1,4,3.2,92.0,3,1,Low
dev_04,7,225,11,10,1,3,0.8,50.2,2,0,Low
dev_04,5,482,55,6,1,2,0.5,91.1,0,0,Medium
dev_15,9,22,143,5,2,5,1.0,14.2,3,0,Medium
dev_04,6,107,23,5,0,1,8.6,91.0,2,4,Medium
dev_06,8,29,12,6,0,6,0.3,89.7,3,0,Low
dev_17,6,192,79,4,2,3,1.1,63.5,0,0,Medium
dev_03,9,187,19,4,1,5,8.2,100.0,0,0,Low
dev_18,11,215,50,8,1,3,1.8,59.9,0,0,Low
dev_16,3,94,9,7,0,5,8.5,66.9,0,3,Low
dev_04,11,42,64,6,0,2,9.3,97.0,6,0,Low
dev_17,13,65,118,2,3,1,5.9,66.3,3,4,High
dev_09,2,175,35,4,0,2,0.4,68.3,2,0,Low
dev_19,9,74,50,5,2,6,2.9,66.1,5,0,Low
dev_20,7,64,60,8,2,2,2.3,79.2,2,2,Low
dev_08,7,109,97,2,3,4,0.7,82.4,0,3,High
dev_01,5,102,22,5,3,3,5.9,73.6,3,0,Medium
dev_10,9,128,180,6,1,4,0.1,89.9,3,0,Low
dev_19,9,95,19,4,4,4,8.4,70.1,3,1,Medium
dev_20,8,13,75,7,0,0,0.8,95.9,1,1,Low
dev_09,11,393,27,5,1,6,15.4,70.4,2,1,Medium
dev_11,5,129,3,9,1,1,4.0,90.0,2,0,Low
dev_12,4,175,75,3,1,2,5.8,100.0,0,2,Medium
dev_14,9,296,97,4,4,4,5.5,100.0,2,1,High
dev_10,9,163,48,5,1,2,0.1,48.3,3,1,Medium
dev_18,4,212,97,8,1,0,0.3,82.8,3,2,High
dev_08,6,124,143,10,1,3,10.4,68.4,4,1,Medium
dev_08,8,20,36,2,0,5,3.8,80.3,4,2,Low
dev_15,7,261,14,3,2,4,7.9,80.4,7,0,Low
dev_18,8,68,30,7,2,5,6.6,74.4,3,0,Low
dev_19,9,69,13,2,0,2,6.4,100.0,0,0,Low
dev_08,6,47,57,5,2,5,6.8,62.3,4,1,Low
dev_13,4,273,55,5,0,3,9.0,65.6,4,0,Low
dev_17,8,8,135,4,2,2,0.4,86.4,2,2,Medium
dev_02,5,353,58,2,5,6,11.9,91.4,1,0,High
dev_05,7,485,34,6,3,1,3.0,82.3,2,1,High
dev_11,7,79,95,8,1,2,1.1,90.0,1,0,Low
dev_11,1,150,23,3,0,4,9.5,94.5,4,1,Low
dev_20,10,349,48,5,1,3,1.1,76.2,5,1,Low
dev_13,9,142,54,6,0,3,9.5,75.0,1,1,Low
dev_20,9,440,48,5,2,3,3.1,62.2,3,2,Medium
dev_12,11,246,25,6,2,3,14.4,81.2,3,1,Low
dev_16,6,206,32,6,2,4,1.1,54.0,1,1,Low
dev_09,6,248,15,6,0,3,21.2,72.7,2,1,Medium
dev_01,5,240,87,5,2,0,27.5,70.9,3,1,High
dev_03,11,101,107,3,0,1,1.8,78.5,1,1,Low
dev_16,11,107,3,5,1,3,8.9,85.7,0,1,Low
dev_17,12,22,55,4,0,3,2.4,74.0,1,0,Low
dev_10,5,75,44,6,3,4,2.8,61.9,1,0,Medium
dev_13,10,295,25,4,2,4,14.3,48.5,0,1,Medium
dev_05,9,188,52,5,2,3,2.2,74.6,1,1,Medium
dev_20,5,162,101,7,1,1,3.4,81.9,1,2,Medium
dev_07,8,256,36,6,1,4,1.1,64.4,3,1,Low
dev_13,8,196,69,8,1,2,3.7,91.3,0,0,Medium
dev_04,6,237,73,6,2,5,1.7,78.2,1,3,Medium
dev_04,7,78,31,4,1,5,5.8,85.7,5,0,Low
dev_06,15,71,87,10,0,2,7.3,52.4,2,1,Low
dev_10,8,354,114,7,1,5,3.3,64.9,1,0,Medium
dev_15,5,72,50,5,3,2,4.1,38.4,5,1,Medium
dev_09,6,236,82,4,1,2,0.8,74.9,4,1,Low
dev_10,6,231,88,5,3,3,3.0,79.9,3,2,High
dev_19,9,71,30,6,1,2,0.1,52.8,1,1,Medium
dev_13,11,211,110,4,3,2,6.7,73.3,2,0,Medium
dev_12,5,329,10,7,0,3,0.6,68.2,3,2,Low
dev_05,2,303,114,7,1,2,5.2,74.4,4,1,Medium
dev_09,6,213,22,6,2,4,12.3,64.7,1,2,Medium
dev_11,4,249,104,2,1,3,5.4,67.0,2,5,High
dev_02,10,170,60,6,0,4,4.5,60.8,2,1,Low
dev_04,8,83,0,9,1,2,7.2,64.0,2,0,Low
dev_09,7,137,98,5,2,1,2.5,93.2,4,0,Medium
dev_12,2,116,92,4,0,2,4.4,58.2,3,1,Low
dev_13,10,123,9,3,2,5,11.9,78.6,1,0,Low
dev_14,6,70,31,5,3,4,13.8,78.0,3,1,Medium
dev_16,8,63,35,2,0,3,5.5,72.6,1,0,Low
dev_06,9,157,404,5,0,4,0.1,51.7,2,2,Medium
dev_15,17,285,57,5,0,2,9.7,53.3,2,1,Low
dev_17,15,138,11,4,1,4,7.8,81.0,1,1,Low
dev_14,5,95,62,5,3,1,8.8,83.3,4,2,High
dev_02,6,167,32,3,1,3,21.0,86.5,2,0,Medium
dev_03,6,128,10,3,1,4,5.9,63.4,5,2,Low
dev_09,9,271,34,5,2,4,10.7,82.2,0,0,Medium
dev_17,8,253,26,9,0,4,1.5,66.4,0,3,Medium
dev_19,6,134,20,6,1,1,5.9,64.0,4,0,Low
dev_06,10,51,115,4,1,2,0.2,71.1,4,0,Low
dev_05,11,223,63,4,1,4,8.9,80.1,0,0,Low
dev_06,4,122,152,3,1,3,2.0,65.4,2,0,Low
dev_13,6,11,11,9,0,3,4.6,50.8,3,1,Low
dev_05,11,268,35,3,1,3,0.4,75.5,3,0,Medium
dev_01,9,103,12,8,1,5,4.0,69.4,1,1,Low
dev_05,14,238,15,6,1,2,8.7,77.0,3,0,Low
dev_18,6,101,60,5,1,1,11.8,91.6,0,0,Medium
dev_06,6,3,90,4,1,2,6.6,49.4,2,0,Low
dev_14,8,234,56,4,0,3,25.9,73.6,1,1,Medium
dev_10,5,178,104,2,0,2,8.6,71.2,3,2,Low
dev_07,8,96,124,7,3,3,7.2,68.8,1,1,Medium
dev_07,4,159,126,4,0,2,4.5,80.9,3,2,Medium
dev_20,18,152,34,7,0,3,14.4,60.3,1,2,Low
dev_16,5,167,105,8,1,4,7.4,62.6,5,1,Medium
dev_13,8,58,31,4,0,4,0.1,54.5,1,0,Low
dev_20,5,160,46,4,1,3,3.0,85.6,3,0,Low
dev_02,8,49,89,5,0,1,1.7,57.5,1,1,Low
dev_13,15,231,181,6,1,3,11.9,64.4,3,2,Medium
dev_12,14,238,139,2,1,3,1.2,66.6,1,1,Medium
dev_01,10,123,11,7,0,4,1.3,85.0,1,1,Low
dev_04,8,365,32,2,0,4,16.1,71.5,1,0,Low
dev_08,5,72,12,5,2,1,1.2,64.9,3,1,Medium
dev_02,8,83,40,6,3,5,0.7,60.4,0,1,Medium
dev_12,11,223,126,4,0,3,8.3,36.7,3,0,Low
dev_13,5,138,59,7,0,0,3.1,54.2,1,2,Low
dev_11,7,146,31,6,1,2,30.7,60.8,3,0,Medium
dev_17,10,232,217,4,2,5,1.0,74.8,1,0,Low
dev_11,16,28,41,5,2,0,1.1,86.4,3,1,Low
dev_06,5,15,31,4,0,1,26.9,76.0,1,1,Medium
dev_06,12,88,66,7,4,3,2.8,80.7,1,1,High
dev_10,10,46,13,6,1,2,7.4,76.6,1,1,Low
dev_17,5,202,49,5,2,0,1.3,75.0,1,1,Medium
dev_08,6,185,110,5,0,1,8.0,84.1,1,0,Low
dev_02,3,141,92,5,1,2,5.3,70.6,2,2,Medium
dev_15,5,146,119,4,2,3,4.6,51.9,1,3,High
dev_02,10,77,15,4,3,4,3.9,75.0,2,3,Medium
dev_02,6,100,24,7,0,6,2.6,69.2,4,3,Low
dev_20,8,95,77,5,1,4,0.2,84.0,1,0,Low
dev_04,10,223,43,6,1,2,25.5,100.0,1,1,Medium
dev_17,9,110,16,3,2,3,12.8,95.0,1,1,Medium
dev_11,8,9,51,7,2,1,3.7,67.0,4,0,Low
dev_16,12,188,58,5,2,4,12.7,48.5,3,2,Medium
dev_20,6,94,35,6,0,2,5.1,71.7,2,0,Low
dev_13,10,542,19,2,0,4,3.1,82.0,3,0,Low
dev_12,10,15,47,6,2,4,0.4,58.2,1,0,Low
dev_17,6,21,95,4,0,3,24.5,74.5,1,0,Low
dev_01,9,93,22,2,0,5,3.5,63.5,2,1,Low
dev_06,12,157,162,4,3,0,0.0,67.7,2,0,Medium
dev_10,6,448,42,8,2,4,0.7,69.6,2,2,High
dev_06,4,281,28,8,0,2,2.6,100.0,3,0,Low
dev_05,18,100,48,3,0,2,37.8,72.2,1,2,High
dev_20,10,60,41,7,3,3,0.4,60.2,1,1,Low
dev_10,9,356,86,4,3,1,10.8,81.4,1,0,High
dev_01,8,164,105,5,1,6,0.3,58.2,2,0,Low
dev_07,10,168,13,6,1,3,6.0,68.7,3,1,Low
dev_19,7,271,40,4,0,3,1.8,95.6,1,2,Medium
dev_20,0,45,35,8,1,1,18.1,80.8,2,1,Medium
dev_14,5,347,81,3,1,4,0.1,70.0,3,1,Low
dev_10,6,231,10,4,1,1,3.9,86.8,2,1,Medium
dev_02,8,138,39,2,1,3,5.4,87.4,1,0,Low
dev_18,11,328,210,7,1,2,7.1,56.6,0,4,High
dev_15,7,158,4,8,1,0,11.1,94.7,4,1,Low
dev_12,9,186,28,4,2,3,3.7,41.6,2,0,Low
dev_13,11,118,119,3,2,3,4.1,96.5,0,0,Low
dev_05,4,99,61,1,1,2,3.0,71.0,3,0,Low
dev_05,9,64,41,5,0,7,4.8,68.7,2,1,Low
dev_04,8,149,112,5,1,3,10.0,49.5,3,1,Medium
dev_20,4,164,302,2,1,3,5.9,82.4,3,0,Low
dev_06,12,438,15,3,0,3,3.9,78.1,1,2,Medium
dev_14,10,639,132,3,2,1,6.1,84.3,5,3,High
dev_16,5,30,11,7,1,4,1.4,74.4,1,2,Low
dev_14,7,60,27,4,0,0,13.9,76.5,6,2,Medium
dev_06,12,286,61,8,0,2,14.0,68.6,0,1,Low
dev_08,9,178,30,6,0,3,11.5,48.8,2,1,Low
dev_07,14,24,108,5,2,2,14.0,80.4,0,1,Medium
dev_03,8,207,7,2,1,4,2.7,89.9,1,0,Low
dev_15,11,78,22,5,0,2,10.5,59.4,2,1,Low
dev_16,3,86,265,6,3,8,0.7,52.4,2,0,Medium
dev_17,7,250,27,2,0,5,8.6,88.0,2,0,Low
dev_18,3,55,44,3,2,7,5.7,62.2,2,0,Low
dev_01,10,71,19,4,1,9,3.0,86.4,0,0,Low
dev_08,8,171,74,14,1,5,10.7,55.3,2,1,Low
dev_10,11,151,32,3,1,2,3.9,40.5,0,0,Low
dev_16,7,51,171,6,1,3,0.2,100.0,4,2,Medium
dev_13,10,64,257,7,2,7,1.2,77.0,2,1,Low
dev_10,8,292,42,6,1,2,10.1,49.4,0,1,Medium
dev_10,9,88,232,3,1,6,1.3,92.6,2,0,Low
dev_19,5,199,21,6,0,2,9.8,100.0,2,1,Low
dev_01,6,209,30,4,1,3,4.1,65.1,1,0,Low
dev_20,9,117,21,2,2,4,22.3,56.4,1,0,Medium
dev_10,15,113,21,6,1,3,0.9,72.9,3,1,Low
dev_16,6,76,62,8,1,3,3.9,84.5,2,1,Medium
dev_15,6,258,86,6,3,6,11.4,76.1,4,2,Medium
dev_01,6,348,166,6,4,2,3.6,100.0,0,3,High
dev_15,9,151,18,5,1,1,3.9,83.6,2,0,Low
dev_17,10,321,48,4,1,1,0.3,76.7,2,0,Low
dev_02,9,37,27,5,1,3,5.0,66.4,2,2,Low
dev_18,7,154,57,6,2,3,1.3,73.4,1,2,Medium
dev_02,9,588,28,6,1,3,26.0,66.1,2,1,High
dev_17,8,129,148,4,1,4,4.5,57.1,5,0,Low
dev_16,8,33,38,4,0,2,5.9,68.5,2,1,Low
dev_01,7,120,89,4,3,1,5.9,79.6,1,2,High
dev_14,10,46,169,3,0,2,1.0,85.5,2,0,Low
dev_06,10,236,59,5,2,2,1.7,64.9,2,0,Medium
dev_03,7,145,158,10,1,3,8.6,63.7,3,1,Low
dev_15,6,47,37,4,1,3,7.7,83.9,3,0,Low
dev_15,11,224,50,4,2,0,1.8,84.0,1,0,Medium
dev_05,18,248,68,6,2,2,13.4,97.6,1,5,High
dev_19,9,237,40,10,1,5,4.2,63.8,0,1,Medium
dev_16,9,127,60,7,0,0,0.4,70.9,0,2,Low
dev_09,11,275,22,8,2,3,2.8,56.0,1,0,Medium
dev_01,8,520,27,3,2,3,2.7,76.5,2,0,Medium
dev_06,7,405,42,5,0,2,1.0,87.6,1,0,Low
dev_01,9,236,66,6,0,4,1.1,98.3,1,2,Low
dev_02,7,12,19,4,2,3,4.2,72.6,1,2,Medium
dev_12,8,62,13,5,1,4,5.7,95.5,6,0,Low
dev_19,6,33,130,4,3,6,0.4,41.1,2,2,Medium
dev_16,6,169,133,2,2,7,10.7,62.7,2,1,Low
dev_20,4,230,94,5,1,2,3.5,71.7,1,1,Low
dev_06,10,72,30,6,1,5,10.0,64.2,0,3,Low
dev_10,7,401,10,4,4,3,0.4,68.0,3,0,Medium
dev_03,7,103,77,7,1,6,5.4,81.8,2,1,Low
dev_07,8,274,112,4,2,4,1.6,93.0,2,0,Low
dev_03,8,348,4,5,0,4,4.0,56.3,2,0,Low
dev_10,15,138,5,9,1,3,4.7,92.4,1,4,Medium
dev_19,5,11,28,7,1,3,2.9,90.8,6,2,Low
dev_10,10,58,207,5,3,5,0.4,76.9,0,2,High
dev_19,7,82,13,7,1,1,0.8,94.6,2,1,Low
dev_17,4,80,20,2,0,4,0.2,100.0,4,0,Low
dev_09,13,145,106,11,3,2,9.2,64.6,2,0,Low
dev_16,5,41,31,5,0,3,8.9,66.7,0,0,Low
dev_10,11,54,46,5,0,4,3.4,71.2,4,2,Low
dev_03,9,442,26,5,1,4,13.9,94.4,3,1,Medium
dev_06,7,41,95,6,1,4,3.9,86.5,4,1,Low
dev_03,6,344,53,5,0,1,4.3,65.4,2,2,Medium
dev_20,7,505,34,4,4,1,14.9,69.2,4,0,High
dev_07,10,111,19,5,1,2,6.6,73.2,3,1,Low
dev_14,7,83,1,4,0,7,6.1,97.1,2,0,Low
dev_13,9,137,91,5,0,3,0.8,83.9,0,1,Low
dev_18,9,259,43,4,2,5,0.9,74.3,2,3,Medium
dev_12,8,101,96,6,1,2,1.2,85.8,3,3,Low
dev_07,11,101,83,6,1,1,1.3,84.1,2,1,Low
dev_11,9,130,50,5,1,3,10.7,100.0,3,1,Low
dev_06,5,67,50,11,2,5,0.6,72.4,5,0,Low
dev_07,8,64,119,7,4,5,5.7,85.1,1,1,High
dev_13,8,817,18,10,0,3,1.5,83.9,2,0,Medium
dev_15,9,99,37,7,1,2,2.3,69.3,0,2,Medium
dev_02,9,179,2,8,1,1,3.4,62.8,0,2,Medium
dev_04,13,458,17,8,3,1,8.2,77.5,1,0,High
dev_19,10,100,38,5,4,2,0.4,66.0,3,2,High
dev_16,7,74,14,4,2,3,15.3,58.6,4,1,Low
dev_02,9,63,29,8,1,0,2.9,63.3,3,0,Low
dev_06,2,308,14,6,1,6,24.4,64.4,0,1,Medium
dev_07,8,52,55,5,0,5,3.0,53.4,3,1,Low
dev_08,4,35,12,5,1,3,0.0,49.6,0,1,Low
dev_14,9,137,33,4,1,1,9.9,63.4,3,1,Medium
dev_09,6,82,175,4,1,6,4.6,83.4,3,0,Low
dev_07,9,61,6,4,5,6,7.3,71.6,1,0,Medium
dev_02,10,189,35,5,0,3,0.9,86.9,2,0,Low
dev_03,5,2,65,3,2,4,13.4,69.6,3,1,Low
dev_20,8,415,27,8,0,3,0.9,71.7,3,2,Medium
dev_12,10,264,77,2,0,2,35.2,85.3,1,2,High
dev_19,4,47,10,5,1,2,0.1,70.4,1,1,Low
dev_19,8,299,47,13,1,1,18.0,93.9,1,2,Medium
dev_19,4,42,102,5,0,4,5.7,76.8,0,2,Low
dev_03,13,74,42,6,1,5,4.0,75.7,8,1,Low
dev_10,5,67,25,7,0,5,0.3,69.8,0,1,Low
dev_08,10,147,26,4,2,2,12.1,88.9,2,0,Low
dev_20,8,391,13,3,2,5,1.0,83.0,1,0,Low
dev_19,3,221,15,6,4,2,1.6,85.7,1,0,High
dev_15,6,72,22,8,0,3,11.1,89.6,0,2,Low
dev_07,10,38,177,4,0,5,0.0,90.9,2,2,Low
dev_08,4,151,21,5,3,4,2.5,57.2,0,0,Medium
dev_04,5,191,14,4,0,3,8.8,99.2,3,1,Low
dev_09,12,177,125,3,0,0,14.7,62.5,3,1,Low
dev_04,7,164,65,2,3,4,12.8,79.2,1,2,High
dev_06,11,37,25,9,1,4,21.8,72.1,3,1,Low
dev_10,12,140,95,4,0,5,4.5,94.1,0,0,Low
dev_15,9,139,25,5,1,0,5.4,77.2,5,0,Low
dev_15,7,80,71,6,3,1,3.0,81.2,4,1,Medium
dev_18,5,224,38,4,0,2,12.5,96.9,0,0,Low
dev_19,7,244,92,2,0,5,10.1,59.3,2,0,Low
dev_10,11,251,96,5,0,2,5.5,72.1,2,1,Low
dev_13,7,92,102,4,3,3,3.6,81.3,5,0,Low
dev_10,7,97,41,5,3,2,3.1,71.3,0,1,Medium
dev_10,6,182,34,8,2,2,14.3,70.1,3,0,Medium
dev_02,8,250,51,5,2,6,4.6,90.4,1,1,Medium
dev_08,11,7,21,1,2,3,8.6,76.6,2,1,Low
dev_12,2,254,33,5,0,4,6.6,73.2,1,1,Low
dev_11,5,181,20,9,0,7,4.4,40.3,4,0,Low
dev_02,12,236,63,4,0,5,10.5,71.8,3,0,Low
dev_17,10,118,91,6,4,0,13.5,78.2,1,0,High
dev_04,3,46,80,10,1,5,11.2,64.2,2,0,Low
dev_20,6,24,77,7,1,0,14.3,94.0,1,1,Medium
dev_12,5,231,59,3,1,0,1.0,100.0,2,1,Medium
dev_07,5,27,10,6,0,1,4.3,57.0,2,1,Low
dev_20,7,146,25,5,2,3,7.3,81.1,1,0,Low
dev_16,12,48,11,4,2,2,2.8,86.2,2,0,Low
dev_18,8,199,18,5,1,2,2.6,73.0,3,0,Low
dev_11,5,86,78,4,2,3,0.2,72.3,2,0,Medium
dev_05,8,53,99,5,0,2,1.0,48.5,0,1,Low
dev_14,10,146,71,5,2,1,0.3,75.5,1,1,Medium
dev_04,5,223,77,3,0,1,5.9,96.9,3,1,Low
dev_14,8,27,161,2,1,1,10.7,100.0,2,1,Medium
dev_08,11,224,20,4,1,1,18.1,96.3,2,4,High
dev_11,7,231,34,5,0,7,14.6,89.2,0,0,Low
dev_09,10,382,71,7,1,2,3.2,77.8,1,2,Low
dev_04,7,84,31,4,0,1,5.5,70.1,1,1,Low
dev_05,8,99,70,6,1,1,11.5,86.9,2,1,Medium
dev_08,8,54,93,8,1,2,13.5,85.8,2,2,Medium
dev_11,6,168,72,5,0,1,1.3,78.7,3,3,Medium
dev_06,10,221,16,7,2,2,8.3,51.1,2,3,High
dev_18,6,302,27,4,1,4,3.3,86.8,2,1,Low
dev_11,8,57,36,5,2,4,3.4,48.8,4,0,Low
dev_06,3,393,68,3,0,3,0.1,81.8,0,0,Low
dev_11,13,173,47,2,5,4,1.9,67.6,4,2,High
dev_02,6,48,167,2,0,5,27.1,66.8,2,0,Low
dev_19,8,210,81,4,0,5,1.2,87.3,0,1,Low
dev_05,6,64,44,7,1,4,24.7,81.0,1,0,Medium
dev_09,8,226,50,3,1,5,17.4,84.4,0,0,Medium
dev_07,3,276,87,4,2,1,16.1,100.0,5,0,Medium
dev_18,8,164,92,3,0,1,5.9,51.1,4,0,Low
dev_05,11,239,85,1,2,8,2.8,95.6,2,1,Low
dev_06,7,242,55,8,0,2,9.7,100.0,1,2,Medium
dev_01,7,112,57,5,1,3,3.3,65.2,0,0,Low
dev_13,13,57,65,3,1,7,19.7,65.2,2,3,Low
dev_14,8,135,61,6,2,6,0.8,70.1,2,1,Low
dev_03,6,105,39,6,2,1,1.6,77.7,1,1,Medium
dev_15,5,34,76,4,2,5,6.0,50.4,3,1,Low
dev_14,8,49,80,6,2,1,2.0,98.0,2,2,Low
dev_16,15,156,113,4,0,6,20.8,54.6,1,1,Low
dev_01,11,178,45,5,2,5,14.8,70.6,2,0,Medium
dev_11,9,249,89,5,4,1,12.5,92.2,3,1,High
dev_07,8,50,45,5,0,3,8.3,74.6,3,2,Low
dev_19,4,57,46,3,0,1,7.8,100.0,4,0,Low
dev_06,12,161,123,3,2,6,1.6,79.7,2,1,Medium
dev_14,13,323,34,5,2,4,8.9,87.8,1,0,Medium
dev_14,7,82,184,8,0,7,2.0,59.1,3,0,Low
dev_04,10,106,37,5,3,2,14.1,77.3,5,3,High
dev_19,10,32,10,2,0,3,13.2,80.4,1,1,Low
dev_05,4,269,23,5,1,6,8.4,73.5,2,2,Low
dev_19,10,326,76,6,0,2,2.9,89.7,3,1,Low
dev_16,6,99,135,6,0,2,3.7,48.5,2,1,Low
dev_02,5,165,47,5,2,4,19.6,57.7,1,0,Medium
dev_15,11,132,25,5,1,2,11.7,66.2,3,1,Low
dev_07,8,96,30,5,1,1,10.4,47.8,0,1,Low
dev_16,10,88,5,4,1,2,4.7,93.4,3,1,Low
dev_02,12,277,102,6,0,2,15.6,86.0,3,2,Low
dev_04,7,55,21,5,1,4,7.4,78.0,2,1,Low
dev_02,10,257,35,5,0,3,4.6,73.0,1,3,Medium
dev_04,8,53,80,4,0,5,6.5,82.2,0,2,Low
dev_01,7,21,26,3,0,2,3.2,55.5,0,2,Low
dev_12,9,190,53,4,1,2,12.8,88.1,1,1,Medium
dev_01,11,375,170,4,2,4,3.0,76.5,4,0,Medium
dev_13,8,100,164,4,3,4,7.3,73.4,0,1,High
dev_17,12,390,105,8,3,4,3.2,65.7,1,0,High
dev_03,5,173,23,4,1,5,0.9,56.8,2,1,Low
dev_04,7,524,174,9,0,2,2.6,66.9,1,0,Medium
dev_10,6,38,75,5,0,3,1.2,63.9,3,0,Low
dev_18,7,245,179,1,1,4,11.6,81.7,3,1,Medium
dev_06,8,389,73,8,2,1,13.9,90.6,2,0,Medium
dev_06,4,49,12,7,0,2,11.1,66.2,0,1,Low
dev_10,9,136,5,6,1,2,4.6,73.9,2,2,Low
dev_01,10,178,66,8,1,3,15.6,69.4,2,0,Medium
dev_18,4,213,17,6,0,1,7.8,92.9,2,1,Low
dev_01,16,274,27,5,1,6,0.4,77.1,5,0,Low
dev_19,6,39,53,4,3,8,2.8,73.5,1,1,Low
dev_10,14,34,25,5,1,6,0.4,52.8,2,0,Low
dev_09,9,46,19,8,0,5,4.6,79.3,1,2,Low
dev_11,13,176,22,6,2,5,2.8,99.3,2,2,Medium
dev_13,5,446,19,9,0,4,22.0,96.3,0,0,Medium
dev_14,8,131,33,3,2,7,4.3,86.0,1,0,Low
dev_12,8,101,43,4,0,5,2.4,72.1,3,1,Low
dev_16,12,23,76,7,0,2,0.4,74.8,3,2,Low
dev_20,12,114,44,6,2,4,5.4,73.3,1,1,Medium
dev_11,8,323,30,3,0,0,2.7,56.1,2,1,Medium
dev_10,10,58,20,7,0,3,7.5,68.8,1,1,Low
dev_02,5,165,45,6,0,0,8.5,73.8,6,0,Low
dev_15,14,15,22,4,1,4,11.8,64.4,0,3,Medium
dev_02,12,47,117,3,1,4,6.7,60.0,0,0,Low
dev_04,5,183,32,3,3,4,2.1,69.6,2,2,High
dev_10,4,73,150,3,0,1,6.2,88.5,0,1,Low
dev_07,10,362,140,5,2,3,1.4,84.3,2,2,High
dev_05,6,83,62,7,0,2,0.8,77.9,1,2,Low
dev_18,7,190,246,9,1,2,7.2,81.5,3,2,Medium
dev_10,8,68,51,7,4,3,6.9,68.6,1,2,Medium
dev_19,11,192,50,6,1,6,1.3,73.7,1,1,Low
dev_11,6,40,0,6,1,4,0.6,60.4,2,1,Low
dev_06,8,162,23,6,1,2,6.3,98.8,1,2,Medium
dev_08,9,68,17,9,1,2,14.6,82.4,5,0,Low
dev_09,6,207,63,7,0,4,9.7,78.4,2,1,Low
dev_18,13,56,212,3,1,2,0.8,71.0,2,0,Low
dev_03,5,37,158,7,0,5,14.1,100.0,4,0,Low
dev_20,9,77,56,3,1,5,10.1,81.3,5,1,Low
dev_08,7,129,72,2,0,2,8.7,91.8,0,1,Low
dev_18,10,85,258,4,1,2,0.9,91.6,3,1,Medium
dev_15,8,236,57,5,1,5,4.4,77.2,2,2,Medium
dev_14,7,35,43,4,1,4,1.1,84.9,3,1,Low
dev_03,7,156,15,8,1,3,7.0,86.2,3,0,Low
dev_15,13,128,77,9,0,3,12.2,74.4,0,3,Medium
dev_14,7,429,15,4,3,2,7.7,63.0,2,0,Medium
dev_16,9,158,109,6,0,4,1.7,88.7,2,1,Low
dev_10,8,178,36,4,2,3,8.2,48.4,0,1,Medium
dev_03,12,326,100,1,0,5,10.1,69.2,0,1,Low
dev_07,9,56,40,3,1,1,8.8,66.7,0,0,Medium
dev_18,8,214,42,6,3,2,7.2,53.8,1,0,Medium
dev_15,5,97,19,6,0,3,19.1,88.4,0,1,Low
dev_04,11,16,14,4,0,4,6.5,62.3,3,1,Low
dev_16,5,237,10,8,0,3,0.9,81.4,4,1,Low
dev_10,11,154,95,3,0,1,3.1,82.5,2,1,Low
dev_08,8,15,22,6,5,7,1.4,66.0,1,2,Medium
dev_08,14,158,29,6,0,3,6.7,59.0,0,2,Low
dev_16,4,242,48,10,1,5,2.4,66.9,1,1,Low
dev_10,10,332,43,4,3,1,1.1,48.6,3,2,High
dev_14,9,8,76,7,0,1,9.6,60.7,2,3,Low
dev_06,11,114,163,3,1,3,19.9,84.8,2,1,Medium
dev_01,6,14,76,7,0,2,5.9,73.0,1,2,Medium
dev_15,4,68,12,3,0,1,8.2,35.8,2,1,Low
dev_11,8,363,70,3,0,4,2.0,77.7,2,3,Medium
dev_20,7,103,7,6,1,4,18.1,65.2,3,2,Medium
dev_18,9,60,11,8,5,1,2.6,89.5,0,2,High
dev_04,8,694,21,5,2,4,0.6,83.4,2,0,Medium
dev_09,7,216,9,7,1,0,10.0,88.0,2,1,Low
dev_06,6,340,61,4,2,5,1.0,61.6,1,3,Medium
dev_07,16,336,52,6,1,2,7.5,84.6,0,1,Medium
dev_12,12,149,15,7,0,4,4.3,74.0,2,3,Low
dev_07,5,25,352,2,1,3,3.9,85.8,3,2,Medium
dev_16,9,83,23,5,2,1,7.7,94.9,3,0,Low
dev_10,7,138,13,3,2,2,6.3,78.2,1,1,Medium
dev_12,3,26,11,6,2,5,3.6,61.7,4,1,Low
dev_01,3,284,118,6,1,4,7.1,69.1,3,2,Medium
dev_07,9,233,7,6,1,5,17.3,78.3,0,2,Medium
dev_14,9,64,33,6,3,5,6.5,67.3,0,1,Low
dev_04,6,47,16,6,1,4,7.4,76.9,2,0,Low
dev_06,5,172,12,3,1,7,10.1,54.7,1,2,Medium
dev_05,10,35,50,6,5,5,1.7,72.8,1,1,High
dev_04,10,105,35,6,4,3,2.5,77.1,4,0,Medium
dev_10,7,336,7,6,3,2,0.3,89.3,0,1,Medium
dev_20,8,210,39,3,0,1,10.0,84.4,0,0,Low
dev_05,5,358,159,8,2,6,0.8,60.9,2,3,High
dev_01,9,95,29,5,0,2,35.7,70.8,2,1,Medium
dev_05,10,62,41,13,0,3,0.3,63.9,4,0,Low
dev_05,7,146,66,5,1,4,12.6,90.1,1,1,Medium
dev_03,7,70,44,6,1,5,6.6,86.5,2,3,Low
dev_09,8,309,31,5,0,2,15.2,54.9,2,1,Medium
dev_05,11,25,9,4,3,5,1.8,82.4,1,2,Medium
dev_03,10,466,99,5,1,3,8.0,71.3,1,1,Medium
dev_09,10,382,42,8,1,1,0.6,30.8,3,0,Medium
dev_07,7,34,59,5,1,4,17.5,89.2,1,1,Medium
dev_01,9,339,11,5,1,3,2.8,60.2,1,1,Medium
dev_02,12,295,24,2,0,3,21.3,58.0,2,2,Medium
dev_03,8,55,15,8,2,0,1.7,56.5,2,4,High
dev_01,10,209,114,4,1,4,1.3,63.7,2,0,Low
dev_19,9,107,24,8,1,3,0.7,62.0,1,0,Low
dev_10,5,193,34,6,2,5,5.5,67.2,2,2,Medium
dev_10,10,121,28,2,0,1,0.3,76.3,1,0,Low
dev_02,15,216,9,7,0,1,0.8,99.8,3,2,Medium
dev_05,7,87,143,8,0,3,6.6,54.3,2,1,Low
dev_17,8,245,101,5,0,5,4.8,74.0,4,1,Low
dev_20,8,102,76,9,2,6,0.9,71.9,0,0,Medium
dev_02,10,49,74,6,0,5,1.6,88.5,1,2,Low
dev_07,5,557,24,4,1,6,6.2,92.9,3,3,Medium
dev_20,6,52,15,4,2,3,9.1,93.8,1,0,Low
dev_05,3,116,64,5,2,1,23.5,68.7,2,2,High
dev_02,7,117,21,4,1,3,14.0,96.4,3,0,Medium
dev_13,16,104,13,3,0,7,2.3,66.9,0,0,Low
dev_13,4,122,17,5,2,4,2.9,39.6,1,1,Medium
dev_06,9,350,86,2,4,2,6.4,81.2,0,4,High
dev_19,7,241,7,3,1,2,4.1,82.3,1,0,Medium
dev_07,8,103,14,8,1,5,10.5,76.1,2,1,Low
dev_08,7,93,39,5,1,3,10.9,79.3,3,3,Medium
dev_18,5,96,19,4,1,4,3.3,67.2,1,1,Low
dev_07,5,84,31,8,3,4,0.4,68.3,1,1,Medium
dev_20,14,159,77,5,0,4,4.6,66.9,1,2,Low
dev_09,7,69,9,10,0,4,4.2,87.4,3,1,Low
dev_08,7,271,38,3,2,3,4.1,76.7,1,0,Medium
dev_13,8,16,68,5,0,3,2.4,81.5,6,2,Low
dev_09,11,349,43,5,3,3,4.5,88.3,1,1,Medium
dev_05,10,155,30,3,1,2,3.1,92.3,2,0,Low
dev_18,4,197,23,5,1,5,19.1,73.0,1,1,Medium
dev_18,7,90,237,3,0,4,4.6,80.4,0,2,Low
dev_04,13,185,73,7,1,1,2.7,78.9,0,0,Medium
dev_17,8,322,24,5,0,2,10.7,47.0,1,0,Low
dev_15,4,127,5,3,1,2,6.9,84.5,4,0,Low
dev_03,7,43,18,2,0,2,6.5,90.3,1,0,Low
dev_15,15,85,136,4,1,4,9.3,48.9,3,1,Low
dev_20,5,203,1,9,1,4,13.5,54.7,3,1,Medium
dev_18,4,67,64,4,1,4,10.0,95.0,2,3,Low
dev_05,8,89,36,3,1,3,7.3,51.0,1,0,Low
dev_14,9,68,47,4,1,1,0.7,76.8,4,2,Medium
dev_17,6,163,25,6,1,1,2.2,70.3,4,3,Medium
dev_20,10,236,116,5,0,3,14.4,76.0,2,0,Low
dev_18,15,12,158,11,1,3,5.4,66.4,7,1,Low
dev_18,12,190,61,7,1,4,7.2,77.7,3,1,Low
dev_10,10,380,23,4,0,4,1.2,66.1,3,2,Low
dev_10,10,243,181,3,0,4,5.1,67.0,3,1,Medium
dev_17,7,193,47,5,1,1,0.1,59.1,2,1,Medium
dev_08,12,233,73,2,1,1,2.1,80.5,3,2,Medium
dev_06,11,156,21,6,0,8,0.4,54.8,3,1,Low
dev_02,4,239,40,2,1,0,5.1,94.8,3,2,Medium
dev_04,6,195,79,6,1,2,4.3,64.0,0,1,Medium
dev_02,12,44,99,5,1,4,19.0,95.7,0,0,Medium
dev_12,13,368,8,6,0,4,2.1,79.8,2,1,Low
dev_03,7,230,116,4,1,7,19.2,55.4,2,0,Low
dev_16,3,145,18,4,1,2,1.6,81.8,0,2,Medium
dev_12,9,131,26,7,0,4,16.7,59.0,3,0,Low
dev_10,4,26,106,2,1,3,4.3,88.8,2,1,Low
dev_04,4,89,139,6,1,2,0.7,100.0,0,1,Medium
dev_20,11,38,59,2,2,1,0.3,83.9,1,0,Medium
dev_07,5,65,79,3,2,4,10.0,66.5,1,1,Low
dev_08,8,19,212,7,0,2,9.9,67.7,1,0,Low
dev_09,8,95,60,7,3,3,0.9,70.6,4,3,Medium
dev_02,5,370,186,4,1,2,0.1,100.0,2,2,Medium
dev_12,9,61,31,3,2,5,3.7,77.5,4,0,Low
dev_09,4,159,41,6,0,2,6.6,95.8,2,0,Low
dev_08,9,145,25,7,1,3,25.1,71.0,0,1,High
dev_04,13,218,132,4,1,5,13.4,92.6,3,0,Low
dev_13,9,171,84,4,0,2,2.0,64.0,1,2,Low
dev_10,8,227,105,8,0,4,5.3,37.3,2,1,Low
dev_07,10,49,1,8,2,2,0.4,91.3,3,3,Medium
dev_11,7,114,65,3,2,2,6.7,64.5,1,2,Medium
dev_16,11,341,114,2,3,1,0.0,82.1,4,0,High
dev_08,7,143,14,5,2,3,4.6,66.8,1,1,Medium
dev_12,11,61,36,4,0,1,11.7,91.0,1,0,Low
dev_12,6,323,9,9,1,2,19.6,70.8,3,0,Medium
dev_16,11,105,76,5,1,3,10.2,87.2,2,0,Low
dev_02,8,255,35,9,1,3,0.9,92.7,1,1,Medium
dev_11,8,78,134,3,1,2,0.9,78.8,0,0,Medium
dev_07,8,100,26,5,0,3,3.3,59.3,1,1,Low
dev_09,4,28,73,3,1,3,3.0,43.4,1,1,Low
dev_08,9,356,76,4,2,4,13.6,92.3,2,1,Medium
dev_09,4,428,28,4,1,2,5.7,91.5,0,1,Medium
dev_12,6,9,57,2,1,2,17.4,81.2,3,0,Low
dev_20,10,376,58,8,0,4,19.3,65.2,0,0,Medium
dev_13,8,83,219,8,1,5,2.7,97.0,3,0,Low
dev_05,6,367,82,4,1,0,1.0,79.0,3,2,Medium
dev_02,8,232,57,3,2,3,4.4,64.9,2,1,Medium
dev_18,3,147,16,5,0,7,1.3,87.5,1,0,Low
dev_05,10,139,50,8,0,6,2.2,83.5,4,1,Low
dev_17,9,22,3,3,0,2,17.0,76.1,1,0,Low
dev_09,13,219,52,5,2,3,8.6,86.4,3,1,Medium
dev_04,8,230,3,10,0,2,14.4,93.5,2,0,Low
dev_12,4,131,70,5,0,4,3.1,67.2,3,1,Low
dev_06,12,55,77,8,1,4,12.1,70.4,0,0,Low
dev_05,6,587,66,7,2,1,15.3,56.9,2,0,High
dev_19,6,30,74,5,1,5,6.1,76.3,2,1,Low
dev_14,13,281,20,3,1,3,2.0,69.2,1,0,Medium
dev_08,8,195,64,4,1,1,1.8,82.7,2,0,Low
dev_18,6,122,109,4,1,2,2.4,66.3,7,0,Low
dev_08,9,267,31,3,0,7,3.7,57.0,2,0,Low
dev_10,5,114,215,4,2,1,2.9,77.6,1,0,Medium
dev_19,8,155,129,7,2,5,11.5,75.0,1,2,Medium
dev_04,6,133,7,7,1,6,0.7,65.9,3,1,Low
dev_16,6,370,31,9,3,5,5.9,87.9,3,0,Medium
dev_12,6,86,39,3,4,10,17.1,68.8,1,0,Medium
dev_20,5,53,76,3,1,2,8.3,60.0,0,3,Medium
dev_06,11,185,15,3,0,2,9.9,91.0,2,0,Low
dev_19,13,131,110,3,0,2,2.6,100.0,3,2,Low
dev_13,6,329,22,4,1,3,3.1,73.9,1,0,Medium
dev_18,8,228,95,7,0,6,18.5,69.5,1,1,Low
dev_04,9,53,36,5,1,4,14.9,72.8,4,2,Low
dev_12,8,51,5,6,0,4,2.7,77.7,1,1,Low
dev_03,7,110,157,6,2,2,0.2,25.2,0,1,High
dev_14,11,257,16,10,4,2,1.4,64.3,2,0,High
dev_01,8,71,61,4,1,0,14.5,93.6,3,0,Medium
dev_12,11,209,77,5,2,2,6.6,72.2,3,2,Medium
dev_09,8,108,71,6,2,0,18.9,65.2,1,0,High
dev_04,4,31,112,4,2,1,4.2,96.5,4,0,Low
dev_14,11,89,56,2,2,2,0.7,74.7,2,2,Medium
dev_19,6,201,23,9,0,5,2.2,99.4,0,2,Low
dev_06,10,115,70,7,3,3,8.1,75.3,3,0,Medium
dev_18,5,29,3,4,1,4,14.6,95.5,1,0,Low
dev_12,7,49,20,2,1,2,8.2,77.9,1,4,Medium
dev_18,10,316,73,1,2,1,8.5,70.5,2,1,Medium
dev_07,10,91,1,7,1,4,4.1,82.6,1,1,Low
dev_19,6,36,79,6,2,4,1.2,86.2,2,2,Medium
dev_17,9,190,74,4,1,2,7.1,66.9,1,0,Low
dev_18,7,369,200,4,0,1,1.5,37.6,2,0,Low
dev_10,9,247,6,7,0,7,7.9,98.1,0,1,Low
dev_15,7,376,57,7,2,0,6.8,71.5,0,0,Medium
dev_11,11,54,119,5,2,4,20.0,100.0,0,1,Medium
dev_02,5,320,94,11,3,3,11.1,72.3,0,0,Medium
dev_19,8,45,14,4,1,4,3.5,60.8,2,2,Low
dev_03,8,69,101,6,1,2,4.7,77.7,5,1,Low
dev_08,9,128,55,9,1,3,8.7,89.7,2,2,Low
dev_11,7,184,149,5,1,4,12.2,78.7,2,1,Medium
dev_06,8,143,36,6,2,5,7.4,67.8,3,0,Low
dev_12,14,73,9,3,2,2,2.3,48.8,4,1,Low
dev_12,7,119,211,4,1,4,1.4,80.9,1,1,Low
dev_07,14,55,8,4,0,1,2.9,69.1,1,3,Low
dev_09,7,64,63,2,2,2,13.7,67.0,4,1,Medium
dev_11,12,131,17,3,3,3,2.8,83.7,4,1,Low
dev_03,7,326,47,8,0,3,18.7,75.9,3,2,Medium
dev_12,8,205,23,2,0,4,3.8,99.1,3,3,Low
dev_19,8,34,176,2,3,6,10.4,79.4,1,1,Medium
dev_17,7,126,112,9,1,2,5.2,80.9,3,0,Low
dev_06,10,67,29,4,2,2,5.7,60.1,3,2,Medium
dev_15,6,72,29,6,3,7,5.3,65.5,9,0,Low
dev_16,5,188,62,2,2,2,8.5,66.0,2,0,Medium
dev_04,11,38,103,4,0,5,0.9,83.3,1,3,Low
dev_04,8,100,42,4,1,0,3.2,81.0,2,1,Low
dev_02,10,64,22,9,3,4,9.8,83.6,4,1,Low
dev_19,7,129,14,6,0,6,14.6,71.4,1,1,Low
dev_20,12,251,108,8,0,2,4.5,87.1,1,0,Low
dev_13,7,218,47,8,2,4,3.9,82.4,3,2,Medium
dev_01,4,137,28,3,0,1,5.2,84.7,1,0,Low
dev_09,6,151,31,2,1,3,2.4,79.0,2,1,Medium
dev_09,11,247,9,3,1,4,5.4,82.2,2,1,Low
dev_04,13,153,106,5,1,3,10.7,47.8,3,3,Medium
dev_04,12,58,140,7,0,0,0.0,59.2,3,3,Medium
dev_03,11,86,89,4,2,6,19.9,66.3,5,1,Medium
dev_19,9,97,30,2,1,4,6.2,85.2,2,3,Medium
dev_17,9,200,26,2,2,1,6.3,75.5,2,0,Low
dev_07,7,54,22,4,1,3,5.6,61.3,4,0,Low
dev_20,4,80,45,4,2,2,5.7,89.3,2,2,Medium
dev_14,11,99,6,3,3,1,11.2,99.9,2,0,Medium
dev_11,9,67,49,4,1,1,1.3,100.0,0,0,Medium
dev_05,2,217,107,6,3,3,5.6,92.4,3,0,Medium
dev_13,5,112,27,2,0,0,7.5,60.0,5,0,Low
dev_01,12,329,12,4,1,5,10.9,81.5,0,0,Low
dev_20,7,201,28,5,1,5,5.2,68.4,3,1,Low
dev_16,11,387,186,5,2,3,0.2,68.5,1,1,High
dev_19,14,65,97,7,0,4,2.2,79.9,0,1,Low
dev_07,7,156,49,5,2,1,11.5,68.3,2,2,Medium
dev_05,6,195,49,3,0,2,0.7,89.7,1,1,Low
dev_18,6,106,26,4,1,1,3.2,65.9,4,0,Low
dev_15,6,153,32,5,2,2,26.7,75.5,3,0,Medium
dev_17,6,122,100,5,1,0,3.9,74.5,0,0,Medium
dev_06,9,127,17,5,3,4,16.8,96.8,1,1,Medium
dev_06,5,31,87,1,2,2,6.6,79.3,1,1,Medium
dev_12,6,141,165,4,2,2,3.4,88.8,4,0,Medium
dev_07,8,236,66,4,0,6,5.8,64.3,4,0,Low
dev_06,7,262,87,7,1,4,17.2,58.3,2,4,High
dev_04,9,215,23,2,1,2,0.9,47.4,3,0,Low
dev_20,6,107,8,5,2,4,3.5,50.2,1,1,Low
dev_16,10,40,53,2,1,1,6.1,57.5,4,0,Low
dev_02,8,68,33,5,0,4,3.7,62.1,1,0,Low
dev_07,8,258,38,4,1,4,1.4,91.6,0,1,Medium
dev_02,5,76,28,4,3,8,5.6,100.0,2,3,Medium
dev_02,14,83,94,5,1,5,11.9,91.1,1,1,Low
dev_11,6,189,67,6,2,4,2.8,72.1,2,1,Medium
dev_20,11,40,139,4,1,1,10.9,51.6,1,1,Medium
dev_20,10,127,0,4,3,1,4.6,67.9,5,0,Medium
dev_06,10,180,7,3,2,2,13.2,65.6,2,1,Medium
dev_19,11,210,39,3,2,4,4.0,80.6,3,0,Low
dev_11,5,606,21,6,0,5,0.0,67.7,3,2,Medium
dev_18,9,93,13,2,2,3,7.4,84.8,3,0,Low
dev_01,6,53,28,6,1,3,11.2,65.6,2,3,Low
dev_13,5,272,75,5,0,2,5.3,76.6,0,3,Low
dev_02,10,107,24,4,0,5,6.9,70.8,2,1,Low
dev_18,9,128,44,2,1,5,25.4,83.0,7,2,Low
dev_13,10,240,25,1,1,0,1.1,87.1,3,1,Medium
dev_18,7,90,45,5,2,5,6.9,77.1,4,1,Low
dev_13,6,109,1,5,1,6,12.0,77.5,0,1,Low
dev_11,8,93,68,3,1,2,4.5,72.8,3,1,Low
dev_07,7,63,34,5,2,6,2.0,86.2,1,0,Low
dev_14,9,93,46,5,1,2,0.8,64.9,2,0,Low
dev_12,8,170,33,5,0,2,0.2,77.9,2,5,Medium
dev_02,12,44,74,5,0,2,4.9,80.6,3,0,Low
dev_10,11,263,73,7,2,3,12.0,72.7,2,0,Low
dev_15,11,158,73,5,4,5,1.3,95.8,3,1,Medium
dev_11,0,161,35,5,1,0,13.2,76.6,0,1,Medium
dev_07,8,148,17,3,2,2,2.5,69.3,3,0,Medium
dev_03,7,398,30,4,2,2,8.0,92.1,1,0,Medium
dev_07,11,478,134,3,2,3,3.1,92.1,0,0,Medium
dev_09,5,62,60,6,1,3,2.1,63.3,2,0,Low
dev_18,7,309,55,8,1,4,2.2,78.3,4,2,Low
dev_16,6,157,39,7,3,3,23.9,80.1,1,1,High
dev_17,7,89,10,4,4,0,3.1,72.9,2,0,Medium
dev_05,2,50,28,5,1,2,1.0,76.9,1,0,Low
dev_11,6,72,115,6,1,4,3.1,75.3,1,0,Low
dev_03,10,111,83,8,2,4,7.8,76.5,3,1,Low
dev_16,11,103,78,2,1,1,11.1,61.4,2,0,Medium
dev_17,10,246,68,6,1,1,17.7,62.3,2,0,Medium
dev_06,8,89,14,3,1,3,2.0,80.1,2,0,Low
dev_19,7,74,20,8,0,3,2.1,92.5,0,0,Low
dev_12,8,168,82,5,1,4,2.0,41.0,3,4,Medium
dev_08,9,119,13,5,1,1,4.3,55.7,2,0,Low
dev_09,8,130,52,7,1,0,4.8,70.7,1,2,High
dev_08,8,149,29,7,1,4,0.0,100.0,2,1,Low
dev_20,7,57,39,6,1,2,1.2,94.7,1,1,Medium
dev_11,9,334,38,4,0,3,2.4,69.2,2,1,Low
dev_18,6,108,288,4,2,4,6.0,60.2,0,2,Medium
dev_04,9,222,30,5,1,1,12.7,74.8,1,1,Medium
dev_14,7,87,12,3,1,5,8.0,55.5,2,1,Low
dev_07,10,60,44,7,3,0,0.1,63.6,1,3,High
dev_06,6,158,39,3,2,4,5.4,90.3,5,0,Low
dev_09,10,470,46,7,3,4,2.8,42.2,1,4,High
dev_15,3,189,66,6,0,3,18.5,78.9,1,1,Medium
dev_06,10,150,117,9,1,5,16.0,91.6,3,1,Medium
dev_11,8,442,34,6,0,2,9.4,75.3,3,0,Low
dev_06,10,17,90,4,0,2,9.3,94.0,2,0,Low
dev_10,5,59,85,3,1,1,9.2,74.8,2,1,Low
dev_17,8,154,24,5,2,4,8.3,82.7,2,4,Medium
dev_19,12,10,148,8,1,1,1.6,84.3,1,3,Medium
dev_02,11,165,12,3,1,7,10.0,72.7,0,1,Low
dev_16,8,191,93,2,0,1,10.0,95.7,4,0,Low
dev_18,9,399,38,3,1,10,3.2,100.0,3,1,Low
dev_01,7,206,22,7,0,2,3.0,58.2,1,2,Low
dev_10,4,101,177,5,2,4,0.9,99.7,4,0,Medium
dev_02,7,238,172,6,1,5,0.4,65.5,2,2,Low
dev_11,7,9,39,3,1,3,1.4,78.3,3,1,Low
dev_01,7,244,24,7,2,0,8.0,77.5,1,2,Medium
dev_11,15,486,16,3,0,5,1.5,93.0,2,1,Low
dev_01,4,151,135,7,3,1,1.9,76.7,3,3,High
dev_01,4,367,32,6,1,4,0.4,93.2,1,0,Medium
dev_01,5,28,130,6,1,6,4.0,58.2,2,1,Low
dev_09,10,86,55,2,0,3,0.1,95.5,2,0,Low
dev_07,6,83,130,6,2,1,0.6,63.0,4,0,Low
dev_12,9,293,249,6,0,5,8.2,97.3,1,1,Low
dev_18,5,6,27,4,1,2,4.9,56.4,5,1,Low
dev_14,10,68,206,5,3,6,9.3,90.4,0,2,High
dev_19,7,61,17,2,0,4,1.4,80.1,0,1,Low
dev_15,4,267,29,3,0,3,4.5,82.9,0,0,Low
dev_11,11,73,11,2,0,1,8.8,49.4,3,1,Low
dev_05,7,312,44,3,1,4,2.6,79.4,3,0,Low
dev_03,10,231,6,7,1,3,1.0,67.4,3,1,Low
dev_14,9,196,51,7,0,0,4.0,72.3,0,1,Medium
dev_14,8,230,31,4,2,4,2.1,58.7,0,0,Low
dev_16,7,179,11,6,5,2,3.5,79.8,1,0,High
dev_14,9,24,19,7,0,4,0.9,78.3,1,0,Low
dev_09,6,49,142,3,1,1,1.5,63.1,3,3,Medium
dev_16,6,159,101,5,4,2,6.1,77.3,1,0,Medium
dev_17,12,118,60,1,3,3,8.2,47.2,0,1,High
dev_02,5,63,40,6,0,3,21.8,79.6,1,1,Medium
dev_05,13,99,45,4,0,4,4.1,79.8,2,2,Low
dev_19,4,102,6,3,1,1,6.2,52.3,3,0,Low
dev_12,2,32,16,4,2,10,4.1,72.7,1,2,Low
dev_06,17,199,8,1,1,5,6.3,94.0,4,0,Low
dev_11,12,143,186,7,1,4,11.2,40.5,2,1,Medium
dev_04,9,44,55,4,1,3,0.0,55.0,0,0,Low
dev_15,7,42,5,7,0,5,3.2,72.7,3,0,Low
dev_19,7,215,33,5,2,3,18.6,87.4,1,1,Medium
dev_20,6,243,20,3,1,1,0.3,92.5,1,2,Medium
dev_03,13,169,36,7,0,1,2.9,59.8,4,1,Low
dev_04,4,98,41,4,1,2,5.4,81.0,6,0,Low
dev_17,8,155,118,10,1,2,4.9,69.0,0,2,Medium
dev_11,7,48,59,4,1,1,6.3,87.4,1,0,Low
dev_02,10,88,40,5,0,5,6.5,64.1,1,1,Low
dev_17,9,381,22,5,0,6,1.1,58.5,2,0,Low
dev_12,5,27,38,5,1,1,17.3,63.9,2,1,Medium
dev_03,5,56,31,3,3,4,1.4,74.3,2,1,Medium
dev_01,9,4,5,3,0,3,2.2,80.7,2,2,Low
dev_20,6,93,7,3,2,1,4.2,100.0,2,1,Medium
dev_01,10,17,68,9,0,1,3.3,77.6,3,2,Low
dev_03,9,58,94,4,3,3,3.8,59.0,2,2,Medium
dev_11,9,60,65,6,1,3,7.6,91.6,4,0,Low
dev_14,13,230,12,4,0,3,11.1,73.0,2,1,Low
dev_12,7,165,11,3,2,1,6.7,51.8,1,1,Medium
dev_13,6,104,30,3,1,3,3.2,69.6,4,1,Low
dev_04,9,184,53,4,0,7,1.3,58.0,1,0,Low
dev_18,5,109,32,9,1,3,1.3,89.2,2,0,Low
dev_03,8,40,96,2,1,2,3.4,66.8,1,1,Low
dev_20,8,186,26,8,0,2,23.6,85.3,2,0,Low
dev_06,7,348,22,3,2,6,8.7,93.8,2,1,Medium
dev_20,9,15,28,8,1,2,4.4,71.6,1,1,Low
dev_02,8,46,145,4,0,2,4.8,53.1,4,0,Low
dev_19,7,298,1,7,1,6,12.3,78.4,1,0,Low
dev_18,6,140,88,8,0,4,1.6,56.7,2,1,Low
dev_15,5,34,123,3,5,2,7.8,65.0,1,4,High
dev_13,8,266,97,5,1,3,5.6,60.5,1,0,Low
dev_10,8,59,34,5,2,3,3.8,100.0,3,0,Low
dev_10,9,129,153,10,1,4,0.6,80.1,0,0,Medium
dev_14,6,102,104,4,1,3,15.1,79.1,1,1,Medium
dev_06,7,94,64,5,2,2,4.6,85.1,1,2,Medium
dev_10,10,244,16,3,1,4,1.0,88.4,1,0,Low
dev_12,5,26,35,8,0,2,12.0,87.2,3,0,Low
dev_03,11,127,5,7,1,4,12.1,54.8,4,2,Low
dev_06,9,390,108,4,3,3,9.8,86.9,0,1,High
dev_08,10,97,41,7,0,2,1.9,74.8,4,1,Low
dev_17,7,141,17,3,0,1,1.3,86.5,2,0,Low
dev_20,8,64,31,6,4,5,2.7,70.1,2,1,Medium
dev_06,5,90,72,3,1,2,6.5,66.0,2,2,Medium
dev_01,7,83,82,5,1,4,15.5,48.7,2,0,Medium
dev_13,8,168,35,8,1,5,16.1,63.3,1,1,Low
dev_01,14,71,40,9,1,2,12.2,63.8,2,2,Medium
dev_11,9,101,57,4,1,2,9.9,90.0,3,1,Low
dev_19,7,106,81,4,0,4,6.2,97.7,2,1,Low
dev_14,10,90,160,7,2,1,4.4,49.1,5,1,Medium
dev_10,14,243,5,6,0,2,3.4,83.6,0,0,Low
dev_07,7,353,7,4,3,3,4.8,90.5,4,2,Medium
dev_17,4,32,17,5,3,4,14.3,63.2,2,1,Medium
dev_17,3,21,236,4,2,3,2.3,81.5,3,3,Medium
dev_16,12,67,34,2,1,1,2.1,91.5,1,1,Low
dev_10,5,149,23,4,2,4,0.9,85.9,2,1,Low
dev_07,12,122,2,5,1,1,1.0,83.6,1,3,Medium
dev_19,3,604,94,6,0,2,17.7,86.4,1,0,Medium
dev_03,10,146,10,7,1,2,14.6,77.5,2,0,Medium
dev_04,7,114,35,5,0,4,5.1,49.2,3,2,Low
dev_08,11,7,42,10,0,4,0.9,67.3,2,0,Low
dev_12,15,41,28,4,1,2,14.3,66.1,3,2,Medium
dev_02,7,129,3,6,0,1,6.9,71.7,2,0,Low
dev_20,5,265,66,5,0,2,5.1,96.4,4,1,Low
dev_13,9,348,217,7,0,3,6.6,96.1,2,3,High
dev_17,8,131,55,3,5,4,29.1,100.0,4,2,High
dev_16,5,276,49,3,0,4,3.5,58.6,1,3,Medium
dev_02,10,102,144,9,3,2,11.2,81.0,3,1,Medium
dev_09,8,218,10,2,2,1,17.3,100.0,1,0,High
dev_05,6,84,30,6,2,2,1.2,57.6,1,1,Low
dev_02,5,148,58,5,2,3,20.0,80.2,2,0,Medium
dev_12,5,281,24,6,2,4,0.2,76.2,5,2,Medium
dev_04,10,46,90,7,4,4,6.5,88.6,5,0,Low
dev_04,12,282,14,7,0,5,0.4,75.9,2,1,Low
dev_11,9,152,44,6,2,1,21.9,85.9,3,2,Medium
dev_20,8,100,160,5,2,1,0.5,59.1,1,0,Medium
dev_15,7,57,84,3,1,1,4.2,67.1,5,1,Low
dev_16,10,195,93,2,0,3,6.8,100.0,3,0,Low
dev_12,8,111,123,4,1,4,1.1,95.9,3,1,Medium
dev_01,6,56,11,7,2,2,2.9,77.5,3,3,Medium
dev_12,9,179,69,5,2,3,5.0,78.6,1,2,Medium
dev_15,9,62,33,3,0,5,12.3,87.5,2,0,Low
dev_18,3,6,75,2,1,3,10.6,90.8,3,1,Low
dev_02,7,73,36,5,4,1,0.8,68.3,1,0,Medium
dev_01,8,178,35,9,2,3,8.5,99.6,0,1,Low
dev_14,9,45,73,6,0,3,4.6,76.3,1,0,Low
dev_15,10,298,8,8,1,3,2.2,59.3,2,2,Medium
dev_15,5,165,45,4,1,7,5.6,87.3,3,0,Low
dev_16,12,115,2,2,3,2,0.6,69.2,3,1,Medium
dev_15,7,73,21,3,2,12,0.2,74.3,2,1,Low
dev_04,9,18,13,5,0,4,6.5,63.5,0,0,Low
dev_20,6,132,23,3,2,7,1.5,73.9,0,2,Medium
dev_20,9,27,42,8,1,3,16.0,88.3,1,1,Medium
dev_09,3,65,14,5,2,3,1.8,57.1,3,0,Medium
dev_18,6,77,156,4,1,2,2.9,71.2,4,0,Low
dev_04,7,368,155,5,3,2,3.1,74.0,2,1,Medium
dev_05,6,65,170,7,2,6,24.5,73.7,0,0,Medium
dev_10,10,303,91,7,1,3,9.8,77.7,4,2,Medium
dev_08,11,30,33,3,0,2,0.0,61.3,0,0,Low
dev_04,4,217,45,2,2,5,10.4,70.9,1,2,Medium
dev_08,7,230,14,3,2,1,0.9,61.8,2,0,Low
dev_19,8,282,61,5,2,5,2.4,75.1,5,0,Low
dev_04,10,271,64,6,0,0,12.0,75.1,1,2,Medium
dev_06,6,71,117,3,0,1,3.6,71.0,4,1,Low
dev_08,4,193,178,10,2,2,5.6,77.7,4,1,Medium
dev_01,9,69,29,5,1,3,0.2,70.3,1,1,Medium
dev_18,8,54,75,6,1,1,1.0,58.8,3,1,Low
dev_01,6,99,99,3,3,3,0.7,90.9,1,2,High
dev_19,5,160,21,5,4,1,5.4,67.0,3,2,Medium
dev_15,9,90,45,5,0,2,5.0,64.8,0,0,Low
dev_15,9,16,71,4,1,1,8.9,97.1,2,0,Low
dev_09,12,338,30,2,2,3,1.8,74.8,1,0,Medium
dev_05,5,261,45,5,0,6,16.8,100.0,1,3,Medium
dev_12,4,232,68,5,0,2,7.1,63.1,4,1,Low
dev_03,8,152,5,4,0,2,3.6,93.7,1,2,Low
dev_20,7,317,44,6,0,2,22.0,71.5,0,0,Medium
dev_07,12,233,46,5,2,4,2.3,90.0,0,0,Low
dev_01,9,148,20,2,1,3,6.3,73.3,3,2,Low
dev_15,8,108,27,3,1,2,2.1,88.1,2,3,Medium
dev_19,16,19,170,4,1,0,11.5,70.6,4,2,Medium
dev_09,8,111,33,4,3,5,8.6,78.0,0,4,High
dev_19,8,41,6,8,0,1,14.8,61.9,0,1,Low
dev_20,12,165,6,7,1,2,13.8,76.4,4,3,Medium
dev_04,7,102,6,5,3,5,7.7,79.9,1,0,Low
dev_05,9,371,84,4,0,1,8.0,59.3,0,1,Medium
dev_08,8,223,25,9,3,3,12.9,69.2,1,0,Medium
dev_20,6,178,17,8,2,2,2.9,78.3,1,1,Low
dev_10,9,269,265,4,2,5,4.2,75.6,1,0,Medium
dev_06,5,61,72,5,1,4,6.8,61.5,3,1,Low
dev_18,8,47,221,5,2,2,6.9,65.8,2,1,Medium
dev_06,12,226,45,6,4,2,0.8,58.0,4,3,High
dev_07,8,273,19,8,1,5,1.0,66.9,0,1,Low
dev_06,9,221,51,6,0,2,5.4,81.7,1,1,Low
dev_06,7,17,7,9,1,0,13.4,68.6,2,0,Low
dev_16,9,80,63,7,4,5,1.6,46.8,3,0,Medium
dev_04,8,210,43,5,1,1,2.5,86.3,1,1,Low
dev_07,4,85,7,2,1,2,1.2,77.0,1,1,Low
dev_03,8,523,263,3,1,1,0.5,74.4,1,1,Medium
dev_12,6,161,59,2,1,5,0.7,66.4,3,1,Low
dev_09,3,658,69,5,1,2,0.2,89.4,1,2,High
dev_17,5,57,13,3,1,2,0.7,75.8,1,0,Low
dev_09,9,198,17,4,0,2,1.4,94.9,1,0,Low
dev_09,10,24,86,8,1,4,0.8,80.8,0,2,Low
dev_18,5,38,144,3,1,2,7.0,69.8,1,1,Medium
dev_04,12,214,16,8,0,2,2.2,86.5,0,1,Low
dev_13,7,17,0,9,0,3,1.1,54.7,2,0,Low
dev_16,14,59,49,6,1,2,16.4,97.3,3,3,Medium
dev_11,4,125,128,4,3,6,14.0,100.0,0,0,Medium
dev_10,10,221,18,7,1,0,2.0,66.8,3,0,Low
dev_06,6,18,146,4,1,4,4.2,89.2,0,2,Medium
dev_14,9,90,59,4,2,4,1.2,90.5,1,1,Low
dev_17,9,76,47,3,2,2,8.9,87.8,2,1,Low
dev_18,4,162,184,5,1,2,12.0,65.0,0,1,High
dev_07,6,275,63,7,0,8,6.6,68.3,1,1,Low
dev_01,12,166,49,11,0,2,23.2,72.9,2,1,Medium
dev_06,7,136,96,5,0,5,11.0,75.6,3,0,Low
dev_13,13,48,14,4,0,3,2.2,59.3,2,1,Low
dev_17,3,95,25,2,1,3,1.2,81.9,2,3,Medium
dev_19,8,280,59,5,2,4,13.5,52.3,7,0,Low
dev_04,14,132,159,3,1,5,1.3,58.1,1,1,Low
dev_15,5,255,39,5,0,1,1.6,79.1,1,0,Medium
dev_15,10,143,53,4,1,2,9.8,77.3,2,0,Low
dev_11,7,210,16,5,1,9,3.8,69.2,1,1,Low
dev_11,10,111,101,4,3,1,4.1,88.3,1,1,Medium
dev_05,13,24,67,5,3,3,4.4,80.7,2,0,Low
dev_06,13,184,138,5,2,3,1.1,53.8,1,1,Medium
dev_12,9,51,75,2,1,0,3.9,84.6,2,1,Low
dev_15,6,56,50,3,4,3,0.0,45.4,1,0,Low
dev_16,6,88,20,2,1,4,8.9,46.6,1,1,Low
dev_14,11,129,24,5,3,5,4.2,80.5,2,1,Low
dev_02,10,191,21,3,2,4,4.0,73.1,2,1,Low
dev_12,8,341,44,4,3,3,6.4,52.8,3,2,High
dev_13,8,105,119,5,4,0,1.8,72.8,2,2,High
dev_06,6,115,42,4,3,5,7.5,62.6,3,1,Low
dev_11,9,94,13,4,2,4,5.7,89.1,3,2,Low
dev_10,8,150,37,6,0,3,7.9,63.7,2,0,Low
dev_11,8,92,27,7,1,2,5.2,58.2,2,0,Low
dev_06,6,514,64,14,4,1,0.9,72.1,2,0,High
dev_07,7,58,100,7,1,3,6.1,96.8,5,0,Low
dev_07,5,432,145,3,2,2,6.3,85.8,1,0,Medium
dev_16,8,129,66,6,4,1,0.9,79.0,2,0,Medium
dev_09,7,156,150,8,3,6,8.5,84.5,2,1,Medium
dev_16,12,62,37,4,0,2,9.0,25.3,3,1,Low
dev_01,5,526,28,9,2,4,2.2,95.5,1,0,Medium
dev_03,10,163,68,8,1,3,11.9,65.4,2,1,Medium
dev_07,8,40,3,5,0,1,14.7,82.7,3,1,Low
dev_01,9,173,55,6,1,6,1.9,61.3,1,0,Low
dev_02,8,90,42,3,1,0,5.7,66.2,5,1,Low
dev_19,5,92,36,7,1,4,9.2,82.4,0,0,Low
dev_03,8,57,55,3,2,4,9.1,57.0,3,0,Low
dev_20,12,199,96,4,0,3,21.3,80.9,4,4,Medium
dev_14,10,180,74,8,0,3,2.8,93.0,4,0,Low
dev_16,9,279,54,4,0,2,3.1,78.9,2,0,Low
dev_10,9,203,33,5,2,3,1.4,85.4,1,1,Low
dev_08,8,90,20,8,1,3,0.3,71.7,3,2,Low
dev_05,3,51,23,2,1,5,3.5,71.3,1,0,Low
dev_12,11,64,134,8,0,5,12.6,95.3,0,1,Low
dev_19,10,86,10,4,2,1,1.4,56.7,2,0,Low
dev_20,7,98,71,5,2,2,15.1,53.1,5,1,Medium
dev_14,7,63,21,4,0,2,0.4,81.4,2,2,Low
dev_04,6,93,74,6,1,3,0.7,66.1,1,0,Low
dev_06,5,90,43,11,4,6,2.4,64.6,2,1,Medium
dev_08,9,95,10,3,0,3,0.9,79.0,3,0,Low
dev_07,10,41,27,6,1,7,3.3,71.6,0,0,Low
dev_20,3,118,69,5,0,2,6.0,86.4,2,2,Low
dev_07,8,700,55,4,0,4,16.3,70.6,0,0,Medium
dev_19,9,34,83,6,2,2,5.2,73.2,6,4,Medium
dev_12,7,52,73,5,0,2,2.9,60.7,1,1,Low
dev_07,9,88,42,5,1,4,4.2,61.8,2,0,Low
dev_17,10,138,12,5,1,2,7.2,72.3,1,0,Medium
dev_06,11,250,51,7,2,3,16.3,63.9,1,0,Medium
dev_17,3,159,105,8,1,4,5.2,100.0,2,2,Low
dev_13,5,321,4,2,1,4,4.2,79.2,0,1,Low
dev_14,12,107,47,2,1,3,3.9,68.1,3,0,Low
dev_18,12,404,51,4,1,6,2.6,73.5,2,0,Low
dev_05,10,79,68,7,0,3,12.6,82.6,3,1,Low
dev_19,5,104,31,6,2,3,3.1,59.0,2,0,Low
dev_13,9,70,67,5,0,1,3.2,75.6,2,1,Low
dev_07,7,275,53,2,2,5,9.3,52.4,0,0,Medium
dev_20,10,168,17,6,1,2,2.3,81.7,4,0,Low
dev_06,8,47,7,3,2,3,1.2,78.2,1,0,Low
dev_09,3,105,23,3,3,3,2.3,98.1,2,0,Medium
dev_03,9,116,10,5,2,1,1.1,84.7,0,2,Medium
dev_17,12,49,50,3,2,4,3.5,77.1,3,1,Low
dev_12,5,62,96,4,0,1,6.0,55.3,2,1,Low
dev_01,8,166,9,4,1,1,15.9,81.7,1,1,Medium
dev_09,8,89,72,6,3,5,2.1,76.7,2,0,Medium
dev_10,9,339,55,5,2,3,3.4,74.6,4,4,High
dev_09,9,96,44,6,1,3,0.2,70.6,0,1,Low
dev_17,4,242,67,7,3,4,12.7,59.8,0,0,Medium
dev_20,5,97,43,6,1,3,10.1,99.4,1,1,Low
dev_07,7,180,82,6,5,6,6.6,50.4,1,1,High
dev_09,6,145,191,3,1,4,5.5,96.8,3,0,Medium
dev_04,7,71,151,7,4,1,2.2,65.0,1,0,Medium
dev_13,7,184,73,5,3,3,18.6,94.0,2,1,High
dev_09,8,38,91,7,1,6,3.4,91.9,2,2,Low
dev_20,9,34,91,4,0,5,0.3,56.6,5,1,Low
dev_18,11,117,65,3,2,0,1.5,91.4,1,0,Medium
dev_04,8,244,30,4,3,2,8.6,92.8,1,1,High
dev_20,6,93,89,4,2,4,3.7,62.2,1,2,Medium
dev_20,6,500,30,4,1,3,2.3,75.1,3,0,Medium
dev_15,9,167,33,3,0,4,0.9,92.5,1,0,Low
dev_15,4,143,24,4,0,3,0.6,81.2,1,1,Low
dev_02,9,9,11,7,1,2,0.8,56.7,3,0,Low
dev_05,16,120,121,4,0,3,2.6,90.7,1,2,Low
dev_01,5,224,90,5,1,4,8.0,37.4,3,1,Medium
dev_17,11,26,41,6,0,2,8.2,89.1,3,0,Low
dev_15,12,16,101,2,0,1,6.4,60.6,4,1,Low
dev_02,9,74,28,9,1,3,2.9,86.6,4,2,Low
dev_03,12,134,5,6,2,1,2.8,65.7,6,5,High
dev_19,8,132,23,9,2,5,5.3,87.6,2,0,Low
dev_05,12,183,20,7,0,1,5.4,78.2,1,0,Low
dev_19,16,104,106,7,1,3,2.2,78.9,1,1,Low
dev_19,9,365,18,6,0,2,4.0,94.6,0,0,Low
dev_09,7,157,91,3,0,6,8.5,47.2,3,1,Low
dev_18,15,394,73,5,1,5,9.4,79.3,3,0,Low
dev_02,6,220,60,6,2,1,8.8,54.2,4,0,Low
dev_15,7,35,7,4,3,5,1.8,100.0,1,0,Low
dev_07,8,41,55,4,1,5,0.4,66.8,3,0,Low
dev_03,10,328,13,4,0,2,2.3,62.4,4,0,Low
dev_09,11,109,72,2,2,4,3.0,99.5,1,3,Medium
dev_20,7,192,48,3,3,2,1.6,51.6,4,0,Medium
dev_13,10,146,34,6,0,2,7.9,83.7,1,1,Low
dev_11,2,230,168,6,1,1,8.9,81.2,4,2,Medium
dev_12,12,85,73,7,2,3,2.4,91.3,4,3,Medium
dev_03,9,250,117,8,1,5,5.6,74.2,1,0,Low
dev_08,9,48,23,4,2,3,18.8,55.3,3,1,Medium
dev_02,7,182,13,5,0,4,8.9,79.1,3,0,Low
dev_12,10,144,84,3,2,3,3.9,89.2,1,1,Medium
dev_10,9,182,109,3,0,8,0.6,82.7,3,1,Low
dev_20,6,292,23,2,1,4,25.9,89.4,2,2,Medium
dev_02,6,276,11,6,0,3,3.4,71.9,2,1,Low
dev_08,5,158,19,4,1,0,3.8,54.3,2,0,Low
dev_04,13,28,51,4,2,3,1.7,78.1,0,0,Medium
dev_01,6,256,55,7,1,4,5.3,73.2,2,0,Low
dev_15,12,73,20,6,2,3,4.4,63.1,0,1,Low
dev_06,7,37,25,7,1,0,1.7,66.7,2,1,Medium
dev_20,7,166,66,4,1,3,16.6,83.6,4,2,Medium
dev_08,6,54,8,4,2,4,1.7,54.2,2,0,Low
dev_02,7,164,97,5,0,7,8.3,92.0,3,1,Low
dev_15,9,158,19,6,1,3,2.0,77.9,5,0,Low
dev_05,7,145,41,6,0,4,2.2,83.9,1,0,Low
dev_11,7,155,15,4,2,4,0.3,91.5,2,1,Low
dev_11,11,86,28,4,1,3,11.4,47.1,3,3,Low
dev_12,9,163,56,4,1,5,0.1,68.7,3,0,Low
dev_01,9,115,55,6,1,4,1.8,84.3,1,0,Low
dev_12,6,112,62,6,0,3,21.1,84.9,2,0,Low
dev_08,11,107,16,3,2,1,0.8,52.4,0,1,High
dev_02,6,169,10,6,0,3,2.9,67.0,4,2,Low
dev_10,6,100,21,4,0,6,4.1,48.5,3,0,Low
dev_20,5,185,57,5,1,1,0.5,67.0,2,3,Medium
dev_20,5,198,34,7,2,3,0.4,81.6,1,3,Medium
dev_12,5,334,16,6,1,2,2.9,97.2,0,0,Medium
dev_13,6,475,91,2,0,2,2.0,78.4,3,2,Medium
dev_15,7,60,37,3,2,4,4.7,74.2,1,1,Low
dev_13,6,86,88,9,1,7,8.0,80.2,4,3,Low
dev_14,4,177,4,5,1,0,7.6,74.1,2,4,Medium
dev_04,10,18,96,6,2,4,0.4,71.8,4,1,Low
dev_08,10,121,33,4,0,2,2.4,60.1,2,0,Low
dev_09,7,147,63,5,1,2,9.5,64.9,4,0,Medium
dev_20,9,11,120,4,0,2,3.1,55.1,3,1,Low
dev_06,10,189,5,4,1,5,2.2,52.0,1,1,Low
dev_17,4,116,12,7,1,1,15.5,90.3,3,1,Medium
dev_01,6,217,76,2,1,2,13.7,81.8,0,1,Medium
dev_18,9,123,37,5,2,0,1.9,31.8,3,1,High
dev_03,7,258,38,3,4,6,12.0,68.9,2,0,Medium
dev_20,6,97,70,5,0,1,1.5,92.5,4,0,Low
dev_12,9,45,107,7,0,3,6.0,84.9,3,3,Medium
dev_08,5,63,43,8,0,2,3.6,100.0,1,0,Low
dev_05,7,304,114,2,4,3,3.3,52.6,3,0,Medium
dev_07,7,46,21,9,0,1,2.5,100.0,0,0,Low
dev_04,6,187,56,8,4,1,1.6,74.8,1,0,High
dev_09,12,63,115,6,2,3,0.4,67.4,2,0,Low
dev_17,11,69,32,4,2,2,4.9,78.6,2,1,Medium
dev_16,8,95,100,3,1,9,8.6,75.3,0,0,Low
dev_17,7,125,69,5,1,3,6.8,75.5,4,0,Low
dev_20,12,69,130,5,0,6,3.2,69.4,2,1,Low
dev_14,5,249,182,4,0,3,0.7,92.7,2,3,Medium
dev_03,10,213,50,4,1,2,16.1,45.5,4,1,Low
dev_14,10,74,48,4,1,0,8.8,73.1,0,2,Medium
dev_13,12,126,17,5,1,2,11.1,62.6,2,1,Low
dev_16,6,50,13,10,0,2,1.3,75.4,3,0,Low
dev_18,7,50,56,2,1,4,0.4,63.0,2,1,Low
dev_10,6,154,67,4,1,2,11.5,62.4,2,1,Low
dev_16,6,258,29,5,2,3,1.2,72.7,3,4,Medium
dev_08,3,99,95,5,1,6,2.0,90.3,0,0,Low
dev_05,9,218,148,3,2,3,5.3,76.7,1,1,High
dev_07,4,92,167,9,0,2,3.8,73.7,2,1,Low
dev_20,13,120,177,6,1,6,4.2,74.0,4,0,Low
dev_09,9,133,66,6,1,2,1.6,63.1,2,2,Medium
dev_07,6,35,83,8,0,3,16.3,66.3,3,0,Low
dev_06,10,286,3,5,2,3,13.0,70.2,3,0,Medium
dev_04,6,67,40,5,1,2,5.5,40.6,0,1,Medium
dev_01,4,536,54,5,1,2,0.3,72.6,1,2,High
dev_02,7,137,38,9,0,0,3.6,70.8,1,0,Low
dev_05,10,128,20,6,0,5,1.0,61.7,2,0,Low
dev_11,7,143,69,8,0,4,4.6,98.1,3,0,Low
dev_07,7,267,62,4,1,2,18.9,84.5,0,1,Medium
dev_18,7,70,91,2,2,1,11.4,90.3,0,1,Medium
dev_06,6,335,34,5,1,5,21.1,65.2,2,3,Medium
dev_01,5,118,3,6,4,2,4.0,75.2,0,0,Medium
dev_14,13,123,5,8,1,10,3.7,83.9,3,1,Low
dev_15,10,37,10,9,0,3,8.5,67.4,2,1,Low
dev_07,8,125,95,4,1,1,3.0,93.8,3,2,Medium
dev_10,3,287,29,5,2,5,0.6,95.3,1,2,Medium
dev_10,5,364,12,3,1,4,1.6,56.0,1,0,Low
dev_09,13,150,6,6,0,2,33.2,85.7,2,1,Medium
dev_15,6,496,116,6,1,3,9.5,76.3,0,1,Medium
dev_06,5,174,139,7,1,0,2.7,85.3,1,0,Low
dev_14,10,120,16,5,1,3,5.9,71.7,0,0,Low
dev_14,7,220,37,3,1,4,0.5,74.1,1,0,Low
dev_07,10,207,36,7,0,1,9.5,71.0,1,0,Low
dev_05,13,44,24,12,0,5,5.6,89.3,1,0,Low
dev_03,11,201,62,4,1,6,5.4,48.3,1,1,Low
dev_05,11,241,25,4,1,3,1.3,67.0,4,0,Low
dev_08,7,113,83,2,0,4,0.0,100.0,2,0,Low
dev_18,6,640,61,6,0,0,24.9,56.7,2,1,High
dev_04,4,120,13,2,1,2,0.9,71.8,1,1,Low
dev_12,10,89,187,4,0,6,5.3,88.9,1,1,Low
dev_09,4,132,33,5,1,0,0.9,77.3,2,1,Low
dev_01,8,196,151,7,2,1,3.2,72.2,3,1,Medium
dev_09,5,79,37,5,3,8,3.5,59.4,1,1,Medium
dev_05,6,212,50,4,1,2,6.4,80.5,1,0,Low
dev_19,9,69,30,6,0,5,1.4,86.9,1,0,Low
dev_12,8,46,34,3,1,2,5.5,75.4,3,0,Low
dev_05,9,93,22,4,0,3,1.5,67.2,2,0,Low
dev_03,6,113,39,7,0,1,8.3,72.3,3,1,Low
dev_08,10,14,83,6,0,3,21.7,88.5,1,2,Medium
dev_13,7,196,235,6,1,4,1.5,68.2,2,3,Medium
dev_03,5,158,121,4,1,3,1.8,68.7,2,2,Medium
dev_18,9,180,37,3,2,3,10.2,79.4,1,0,Medium
dev_03,8,146,38,8,2,3,9.8,48.1,3,0,Low
dev_04,9,196,55,6,0,0,0.6,77.8,1,1,Low
dev_18,5,55,31,5,1,2,18.7,66.0,2,3,Medium
dev_09,15,121,119,4,0,2,2.3,69.3,2,1,Low
dev_01,7,31,11,2,3,0,5.5,55.4,2,1,Medium
dev_05,8,218,36,2,1,3,4.0,76.0,1,0,Low
dev_15,6,82,14,7,1,3,1.9,75.4,3,2,Low
dev_07,3,125,75,8,0,2,1.7,91.1,1,3,Medium
dev_18,5,469,43,7,0,6,5.7,76.2,1,0,Low
dev_14,6,104,51,7,2,3,1.8,74.3,1,2,Low
dev_12,8,212,34,3,1,3,1.2,59.0,4,0,Low
dev_09,5,204,83,7,2,3,6.8,83.0,0,2,Medium
dev_01,4,166,88,5,1,9,6.9,53.1,5,0,Low
dev_13,9,191,40,6,0,3,2.0,57.0,0,0,Low
dev_14,6,368,42,4,1,4,0.5,86.7,2,1,Low
dev_12,9,247,38,6,2,2,1.6,90.8,2,2,High
dev_13,11,158,29,7,0,2,5.2,73.0,3,0,Low
dev_15,8,36,10,4,3,3,3.3,82.1,5,0,Low
dev_05,7,158,4,6,1,2,0.6,87.4,2,1,Low
dev_14,7,118,70,5,1,5,14.8,75.6,5,1,Low
dev_04,5,411,149,3,2,3,9.2,34.7,3,0,High
dev_15,9,118,78,5,2,1,7.6,54.3,1,1,Low
dev_02,7,255,112,5,0,4,1.4,72.0,1,0,Low
dev_03,12,95,46,9,0,3,2.9,100.0,0,2,Low
dev_20,7,85,51,3,2,2,8.7,50.9,4,0,Low
dev_17,8,98,8,2,2,4,17.7,73.1,3,1,Low
dev_02,5,44,104,7,1,1,21.5,64.2,0,1,Medium
dev_01,8,244,123,6,3,3,14.4,90.2,2,1,High
dev_08,8,67,41,7,1,7,0.5,61.8,1,2,Low
dev_02,7,116,110,6,3,4,0.2,71.2,2,1,Medium
dev_13,12,29,144,4,2,3,0.7,74.8,4,1,Low
dev_03,9,231,31,6,1,2,1.1,68.2,1,0,Low
dev_08,12,94,127,6,2,5,1.5,87.1,2,1,Low
dev_03,6,97,214,6,1,0,7.9,52.4,2,2,Medium
dev_07,5,102,64,4,2,3,1.6,63.0,3,0,Low
dev_07,3,64,44,5,1,5,11.5,51.3,3,0,Low
dev_03,8,55,42,5,2,3,4.9,93.4,3,2,Low
dev_14,12,208,19,4,2,2,2.3,81.8,1,2,High
dev_08,14,291,45,6,2,5,2.7,89.7,4,1,Low
dev_06,9,29,98,9,1,4,3.8,69.3,2,2,Low
dev_03,6,42,20,4,1,2,6.4,74.4,1,0,Low
dev_20,9,72,51,2,0,2,6.5,48.3,1,0,Low
dev_15,12,261,27,4,0,3,1.7,46.5,3,2,Medium
dev_10,8,109,55,6,1,2,1.6,72.4,3,2,Medium
dev_14,11,107,46,5,2,5,7.7,93.1,3,0,Low
dev_04,16,63,42,5,0,2,19.5,73.9,1,0,Low
dev_07,5,168,47,3,1,1,24.2,80.8,2,0,Medium
dev_04,7,72,86,6,1,4,0.2,100.0,1,0,Low
dev_20,2,179,86,3,1,2,7.7,77.6,3,2,Medium
dev_20,5,79,62,5,1,2,0.6,64.7,0,1,Medium
dev_11,8,300,22,5,0,3,9.8,77.9,1,1,Low
dev_17,2,197,42,5,2,0,2.6,87.5,1,0,Medium
dev_09,6,49,41,6,0,4,3.2,93.0,3,5,Low
dev_08,9,83,85,5,6,4,0.4,94.9,2,0,High
dev_11,4,70,11,8,2,5,2.2,69.9,1,2,Medium
dev_11,7,219,48,3,0,3,10.8,77.1,1,1,Low
dev_06,5,106,17,5,3,2,0.1,87.6,3,2,High
dev_14,8,35,194,2,2,3,4.9,58.8,5,2,Medium
dev_18,5,172,6,6,2,3,2.8,77.6,0,0,Low
dev_17,15,449,34,8,2,3,1.8,84.1,2,0,Medium
dev_17,5,75,45,3,0,9,1.9,75.0,0,2,Low
dev_14,9,12,8,6,0,3,3.3,67.6,2,1,Low
dev_08,4,469,78,4,0,1,9.8,79.8,1,0,Low
dev_05,13,190,73,6,3,1,1.9,88.9,4,0,Medium
dev_07,13,76,87,4,2,3,4.3,81.2,1,0,Low
dev_08,9,112,64,3,3,2,10.4,100.0,2,1,Medium
dev_19,8,145,60,6,1,2,4.2,100.0,3,1,Medium
dev_07,10,312,15,5,1,3,0.2,69.0,2,2,Medium
dev_05,10,146,133,5,1,2,6.8,89.3,5,1,Medium
dev_01,8,42,110,6,2,6,20.0,82.6,2,0,Medium
dev_20,7,112,19,6,3,3,5.8,76.0,3,4,High
dev_19,10,57,71,3,1,2,0.7,58.3,1,1,Medium
dev_10,8,41,55,5,0,3,0.1,82.7,1,0,Low
dev_13,10,44,63,4,2,5,3.0,82.3,1,0,Low
dev_14,19,157,71,4,2,5,3.0,70.1,0,0,Low
dev_01,7,320,118,9,0,1,8.4,90.1,4,1,Medium
dev_01,6,87,57,7,2,3,5.4,58.6,4,1,Low
dev_14,10,248,190,10,0,5,5.7,82.4,3,2,Medium
dev_10,6,63,42,6,0,2,11.8,59.2,3,2,Low
dev_19,9,71,62,8,1,3,0.6,75.5,1,0,Low
dev_13,10,469,23,5,2,0,7.1,82.0,5,0,Medium
dev_16,2,207,9,6,4,3,10.1,77.9,0,0,High
dev_10,3,93,13,7,1,2,0.1,63.7,0,1,Low
dev_03,6,42,42,2,2,3,0.4,75.8,1,1,Low
dev_06,6,25,39,3,0,4,13.7,70.0,4,2,Low
dev_17,5,91,48,5,3,2,4.1,91.1,0,3,High
dev_09,8,134,42,8,3,2,3.7,83.4,1,1,High
dev_17,4,207,37,4,1,3,6.3,59.7,2,3,Medium
dev_09,7,391,195,6,1,2,1.7,72.9,2,1,Medium
dev_01,5,182,31,5,0,6,0.9,64.0,0,1,Low
dev_08,10,209,10,3,1,3,5.4,100.0,1,1,Low
dev_09,5,315,11,5,2,3,0.7,52.1,3,1,Medium
dev_03,10,367,22,6,0,3,0.9,98.6,1,3,Medium
dev_14,9,290,40,4,0,3,3.2,91.0,4,1,Low
dev_18,8,123,101,6,2,0,16.9,39.7,3,0,Medium
dev_12,7,182,31,5,1,4,3.6,58.1,1,0,Low
dev_20,12,162,62,6,1,3,9.2,51.4,1,2,Medium
dev_09,13,110,45,7,1,1,4.2,70.7,2,2,Medium
dev_19,7,176,29,4,1,3,2.6,88.3,2,2,Medium
dev_16,11,420,14,4,0,3,1.4,80.2,1,0,Low
dev_15,6,103,27,6,2,5,4.2,59.7,1,1,Low
dev_15,8,25,25,5,1,1,14.3,96.2,1,0,Low
dev_13,15,154,93,2,2,3,8.7,57.8,1,2,Medium
dev_03,4,115,26,3,0,8,7.1,75.2,2,1,Low
dev_01,6,133,5,5,3,4,2.7,70.2,2,0,Medium
dev_16,15,112,44,5,0,1,9.3,55.0,0,0,Low
dev_17,8,13,67,8,3,2,7.9,71.6,2,2,Medium
dev_16,8,179,55,6,1,3,7.4,96.0,2,0,Low
dev_09,5,65,73,3,3,4,7.3,59.5,1,1,Medium
dev_18,10,313,36,2,0,6,4.8,83.0,2,0,Low
dev_20,12,297,38,7,4,1,19.0,52.2,1,1,High
dev_10,8,72,48,8,0,4,14.1,71.1,1,1,Low
dev_18,5,311,13,7,1,4,3.3,77.0,2,4,Medium
dev_07,9,182,54,4,4,4,8.2,72.8,3,0,High
dev_07,11,75,92,4,2,3,9.3,67.8,2,1,Medium
dev_20,12,63,64,3,2,2,7.5,78.9,4,2,Medium
dev_07,6,71,37,6,1,3,5.1,87.3,0,0,Low
dev_12,6,99,11,2,2,3,17.1,71.7,4,1,Medium
dev_14,11,309,9,4,1,3,5.0,71.8,1,2,Medium
dev_10,5,136,29,6,2,2,1.7,68.1,2,1,Low
dev_18,11,203,264,4,1,2,9.8,85.4,2,1,Medium
dev_10,9,52,1,7,1,3,1.7,69.0,5,1,Low
dev_15,11,605,32,3,1,2,3.6,70.0,2,2,High
dev_14,6,143,18,5,2,6,9.3,93.9,2,0,Low
dev_16,12,139,56,4,1,2,4.0,68.9,2,2,Medium
dev_15,7,154,130,4,1,3,1.7,78.5,0,0,Low
dev_06,6,11,90,7,1,4,1.5,86.8,4,2,Low
dev_12,7,73,72,5,2,5,9.7,58.0,3,1,Medium
dev_15,12,93,15,6,1,5,2.0,76.3,1,1,Low
dev_10,7,45,19,7,0,4,2.4,75.0,1,1,Low
dev_11,9,143,22,3,1,3,8.5,78.2,2,0,Low
dev_18,9,42,87,5,0,3,3.0,58.8,3,1,Low
dev_08,11,270,8,6,0,3,2.7,50.7,1,1,Low
dev_19,10,121,9,4,1,1,1.9,80.5,4,0,Low
dev_16,4,132,42,2,0,0,8.0,79.9,3,0,Low
dev_09,8,16,19,3,1,7,0.3,39.6,0,0,Low
dev_10,8,159,17,11,1,2,0.1,100.0,1,1,Low
dev_01,11,182,47,4,0,5,2.7,87.3,0,0,Low
dev_01,12,293,75,6,1,1,3.1,71.7,2,0,Low
dev_14,10,152,37,6,1,5,7.0,72.5,1,2,Low
dev_06,12,22,131,12,1,4,0.5,100.0,1,1,Low
dev_12,6,18,103,7,1,4,7.0,71.7,0,0,Low
dev_02,8,158,185,4,1,2,4.0,85.7,5,1,Low
dev_01,13,225,123,6,1,5,3.4,100.0,1,0,Low
dev_01,12,229,38,5,1,3,4.8,73.0,5,0,Low
dev_18,6,99,84,7,0,3,0.8,60.1,1,0,Low
dev_14,8,184,75,4,1,2,6.4,74.7,3,0,Low
dev_13,13,121,33,8,2,3,1.8,96.9,5,2,Low
dev_18,6,57,30,7,0,5,1.1,76.7,2,1,Low
dev_20,8,257,44,3,0,4,5.1,82.2,0,3,Medium
dev_06,9,60,42,2,1,4,1.3,74.7,2,4,Medium
dev_04,7,36,78,8,2,1,0.7,100.0,1,1,Medium
dev_05,6,247,44,4,2,4,1.2,77.3,2,1,Medium
dev_19,10,345,93,4,1,1,14.6,76.4,4,2,High
dev_07,9,469,153,9,3,5,19.5,81.5,2,2,High
dev_06,10,368,91,7,3,4,8.0,89.5,1,2,High
dev_19,7,211,21,3,0,3,0.6,65.8,0,1,Low
dev_05,9,61,19,6,1,3,28.5,54.2,4,0,Low
dev_16,8,548,61,6,2,3,2.1,78.8,2,2,High
dev_18,11,265,66,4,0,6,3.4,80.0,0,0,Low
dev_10,3,88,119,4,0,2,0.5,63.5,2,1,Low
dev_04,9,56,16,4,0,3,6.0,80.7,0,3,Medium
dev_07,8,142,54,8,0,7,5.4,76.9,2,0,Low
dev_08,12,304,30,4,0,0,22.5,70.5,3,3,High
dev_06,12,241,44,8,0,2,2.3,39.1,6,1,Low
dev_03,7,107,34,7,2,1,2.7,89.4,3,1,Medium
dev_02,4,18,1,5,3,4,8.0,75.9,3,0,Low
dev_11,14,160,248,1,2,1,2.0,69.8,1,1,Medium
dev_02,6,143,5,3,2,6,0.7,57.1,3,2,Medium
dev_17,9,101,153,4,3,0,9.5,93.7,5,2,High
dev_09,7,122,65,2,3,3,7.8,77.9,0,2,High
dev_16,10,200,73,5,0,6,1.6,71.4,3,1,Low
dev_04,9,91,22,4,0,1,1.6,92.1,2,2,Low
dev_20,14,832,42,1,1,2,7.1,97.0,0,1,High
dev_08,4,270,8,3,3,5,0.4,74.6,5,1,Medium
dev_04,6,54,62,5,2,2,0.7,88.8,1,1,Medium
dev_03,5,576,86,6,1,0,5.1,66.7,2,0,Medium
dev_14,2,369,66,7,1,3,3.3,86.9,2,0,Medium
dev_14,9,116,74,6,1,2,12.5,81.3,3,1,Low
dev_20,11,54,79,4,0,2,1.5,72.3,3,1,Low
dev_01,6,97,57,1,1,2,8.1,92.3,1,0,Low
dev_07,8,362,43,9,3,7,0.6,99.1,4,1,Low
dev_18,9,22,41,3,1,6,1.9,39.1,2,1,Low
dev_02,12,103,28,3,1,0,1.9,74.5,1,2,Medium
dev_11,8,44,27,3,0,2,24.1,68.1,1,1,Low
dev_06,4,346,15,3,0,4,5.4,57.1,5,1,Low
dev_08,12,54,66,4,1,1,1.3,100.0,1,1,Medium
dev_09,5,100,62,4,2,4,7.0,52.8,2,1,Medium
dev_04,9,114,39,9,1,3,9.3,93.7,1,1,Low
dev_15,10,45,57,4,0,5,13.3,85.8,1,0,Low
dev_13,6,85,124,5,4,1,7.2,58.1,1,2,High
dev_05,11,30,41,4,3,2,8.4,69.2,1,1,Medium
dev_14,10,207,33,7,1,0,1.5,84.1,7,1,Low
dev_01,14,12,12,9,0,1,2.9,91.3,1,0,Low
dev_16,10,44,166,4,1,4,1.7,81.9,1,0,Low
dev_19,6,117,38,8,1,3,3.5,65.6,3,0,Low
dev_16,9,41,33,5,1,3,13.3,58.5,0,2,Medium
dev_06,10,102,84,1,2,4,13.5,57.9,4,2,High
dev_12,7,181,27,4,1,2,1.8,87.9,0,0,Low
dev_15,9,41,107,5,1,8,8.5,59.0,2,1,Low
dev_03,4,182,52,4,2,2,4.5,66.0,3,2,Medium
dev_10,6,160,81,6,0,3,3.7,55.5,3,2,Low
dev_06,4,46,25,8,0,4,5.4,91.5,2,1,Low
dev_05,2,181,90,6,1,2,0.5,68.6,3,1,Medium
dev_02,5,54,15,6,0,6,13.2,53.7,1,3,Low
dev_17,5,209,79,4,2,1,1.8,69.5,0,0,Medium
dev_02,8,198,17,2,1,1,1.1,64.0,1,0,Low
dev_11,14,144,43,3,1,4,8.8,56.8,5,2,Low
dev_10,6,48,81,5,2,1,21.6,55.6,2,1,Medium
dev_09,10,119,19,5,0,4,0.1,100.0,1,0,Low
dev_01,15,139,123,5,2,3,9.8,56.9,2,2,Medium
dev_06,10,153,76,4,0,1,1.4,90.4,1,1,Low
dev_08,4,321,2,4,0,5,2.7,77.2,4,1,Low
dev_13,7,289,5,9,1,1,2.3,67.1,2,0,Low
dev_17,6,137,90,3,1,3,1.3,58.1,2,0,Low
dev_02,8,216,20,7,1,6,1.5,52.2,3,0,Low
dev_04,8,281,14,3,2,1,1.4,49.8,3,0,Low
dev_16,11,80,65,3,2,3,9.9,76.7,0,0,Medium
dev_08,8,118,1,2,1,0,12.9,62.9,1,1,Medium
dev_15,13,66,12,2,0,1,20.2,94.8,4,2,Medium
dev_13,3,74,5,5,1,2,8.4,51.2,1,0,Low
dev_18,10,171,49,5,2,4,16.6,72.6,1,1,Medium
dev_16,6,258,22,8,0,5,40.6,63.2,2,0,Medium
dev_01,6,165,51,8,1,2,5.3,86.3,3,2,Medium
dev_04,9,101,130,4,3,2,4.1,75.1,4,2,High
dev_12,9,259,1,2,3,4,0.4,74.5,1,0,Medium
dev_15,4,72,97,3,1,5,10.9,100.0,3,1,Low
dev_20,7,233,34,5,0,2,13.5,100.0,2,1,Low
dev_16,13,96,45,6,1,1,6.4,70.9,1,4,Medium
dev_18,9,157,11,8,1,2,3.1,76.5,5,0,Low
dev_16,7,24,68,4,6,5,4.3,67.9,3,4,High
dev_15,7,505,109,9,1,3,4.0,81.8,3,1,Medium
dev_09,11,241,16,7,0,6,0.1,80.5,1,1,Low
dev_16,14,122,22,4,1,5,17.5,66.5,3,0,Low
dev_12,2,115,37,6,0,2,1.0,98.7,1,1,Low
dev_04,12,160,42,1,2,6,20.5,80.6,3,0,Low
dev_04,8,66,125,2,0,4,9.0,70.5,2,0,Low
dev_14,4,133,73,4,1,2,4.6,89.7,3,3,Medium
dev_12,9,311,44,3,3,1,13.6,100.0,1,0,Medium
dev_18,6,132,25,5,2,6,26.0,97.4,4,0,Medium
dev_19,11,355,114,2,2,1,2.1,71.5,3,0,Medium
dev_15,12,120,19,3,3,3,15.8,85.1,1,1,High
dev_11,11,103,25,7,2,2,13.8,98.1,1,3,Medium
dev_15,10,121,33,6,0,6,1.4,39.0,0,0,Low
dev_10,10,99,29,4,3,5,4.2,68.1,3,2,Medium
dev_07,7,105,124,11,0,3,17.7,48.6,3,0,Low
dev_11,12,240,10,5,0,3,19.2,71.5,1,0,Low
dev_15,11,162,10,6,0,5,0.1,81.2,1,2,Low
dev_01,9,73,69,7,0,3,6.5,75.7,3,1,Low
dev_18,7,17,53,5,1,4,0.1,78.1,7,1,Low
dev_07,5,31,119,5,3,3,1.0,86.6,3,1,Medium
dev_08,7,142,45,6,2,6,21.1,40.4,3,1,Medium
dev_17,6,163,29,9,3,2,16.3,75.4,5,1,High
dev_11,4,92,164,8,0,5,10.9,68.9,1,1,Low
dev_20,7,154,50,8,2,2,0.9,81.6,3,2,Medium
dev_18,6,91,14,8,0,1,1.1,100.0,0,1,Low
dev_14,10,23,48,4,0,3,3.5,69.3,2,0,Low
dev_09,6,187,65,4,1,6,5.3,76.4,2,1,Low
dev_07,9,250,241,4,1,3,2.8,77.4,1,2,Medium
dev_17,14,138,99,3,1,1,4.0,91.4,2,2,Medium
dev_08,6,196,33,6,0,7,7.9,84.9,1,1,Low
dev_13,7,128,37,7,1,3,2.2,77.5,0,0,Low
dev_06,8,222,32,5,0,4,29.2,88.5,4,0,Medium
dev_02,12,484,11,2,0,7,9.1,69.7,3,1,Low
dev_20,8,227,55,3,2,1,5.6,67.7,2,2,Medium
dev_11,4,185,54,4,1,2,3.5,82.8,3,1,Medium
dev_08,10,229,17,5,0,4,8.5,75.2,0,1,Low
dev_19,5,173,36,10,2,3,2.3,60.1,2,1,Medium
dev_04,10,271,50,7,2,1,3.4,70.2,2,0,Medium
dev_03,8,115,104,6,2,2,1.5,77.6,3,3,Medium
dev_17,4,195,31,7,0,2,8.9,73.1,0,1,Low
dev_07,8,14,15,5,1,4,0.0,94.5,5,1,Low
dev_11,3,214,49,4,0,2,5.8,57.5,0,2,Medium
dev_04,8,106,64,3,3,2,32.7,75.8,2,1,High
dev_03,6,120,53,6,2,1,4.8,89.0,2,1,Medium
dev_01,10,112,71,5,3,2,2.4,100.0,6,1,Medium
dev_18,15,93,97,1,2,2,3.0,100.0,1,2,Medium
dev_14,9,150,69,2,1,5,0.1,65.0,3,0,Low
dev_15,5,194,117,2,1,3,5.6,88.4,2,1,Low
dev_17,14,253,151,6,1,2,0.6,88.1,0,0,Low
dev_08,4,226,17,3,0,3,2.4,68.5,2,1,Low
dev_04,6,266,44,3,1,2,10.2,58.4,2,0,Low
dev_13,6,56,150,6,2,3,7.1,93.2,1,0,Low
dev_06,10,144,47,3,1,2,14.1,77.2,3,2,Medium
dev_10,5,35,11,6,2,4,2.7,92.4,2,1,Low
dev_02,7,61,5,6,0,2,8.7,100.0,1,1,Low
dev_11,10,322,94,7,1,4,7.9,60.6,3,0,Medium
dev_03,5,209,79,4,3,1,3.3,89.6,3,0,Medium
dev_10,10,70,106,6,1,5,1.7,99.8,3,0,Low
dev_07,4,37,25,11,1,0,19.7,75.4,1,1,Medium
dev_03,11,31,56,3,2,4,9.0,74.3,2,1,Medium
dev_13,9,136,52,3,1,5,1.7,100.0,2,0,Low
dev_18,8,213,32,4,2,4,7.4,97.8,2,2,Medium
dev_18,11,109,6,3,0,1,7.2,100.0,0,0,Low
dev_08,9,168,97,4,0,6,5.3,79.5,1,2,Low
dev_03,9,97,36,5,1,3,3.3,90.0,2,1,Low
dev_08,10,95,72,4,0,4,10.5,73.6,0,2,Medium
dev_05,10,77,30,5,0,3,17.3,93.9,3,1,Low
dev_20,8,66,45,5,1,2,7.4,77.8,2,0,Low
dev_16,11,88,41,6,0,4,32.3,100.0,5,3,Medium
dev_11,5,254,0,2,1,2,1.0,87.9,0,0,Medium
dev_10,14,109,134,4,1,3,6.5,83.2,2,2,Medium
dev_09,9,256,42,5,2,2,3.6,91.0,1,1,Medium
dev_18,11,192,57,3,3,1,5.7,61.9,2,1,High
dev_02,9,179,114,7,2,1,1.1,64.0,0,0,High
dev_08,10,186,158,3,0,4,2.4,65.7,3,1,Low
dev_15,9,171,28,3,2,5,2.6,78.2,0,1,Low
dev_19,8,115,38,4,0,5,0.8,89.1,3,1,Low
dev_01,11,34,65,4,0,4,7.1,72.1,2,1,Low
dev_10,6,196,121,5,2,4,2.3,56.5,0,3,Medium
dev_06,10,274,161,9,1,4,1.3,84.8,0,0,Low
dev_02,6,41,6,5,0,4,1.9,57.3,3,1,Low
dev_15,5,93,107,3,1,0,2.2,83.6,2,0,Medium
dev_06,7,230,23,3,1,1,11.8,80.5,3,1,Medium
dev_07,6,212,42,8,2,2,10.1,100.0,2,0,Medium
dev_07,6,98,16,6,2,4,14.3,82.0,2,1,Low
dev_01,8,54,22,7,1,3,11.9,76.3,0,1,Low
dev_13,9,14,29,6,2,3,8.6,66.6,2,1,Low
dev_08,9,168,76,4,0,1,0.0,79.1,0,3,Medium
dev_06,11,123,34,6,3,0,22.8,83.1,1,2,High
dev_15,4,176,60,5,2,8,7.1,86.8,1,0,Low
dev_05,11,42,142,7,0,5,9.9,75.6,3,2,Low
dev_13,11,68,45,4,0,2,5.8,73.4,3,0,Low
dev_11,7,172,8,7,2,0,2.3,90.8,2,1,Medium
dev_15,7,306,54,5,2,2,4.2,63.9,1,0,Medium
dev_10,7,229,87,6,1,9,2.6,58.2,5,1,Low
dev_11,10,207,3,7,1,3,3.8,70.2,1,1,Low
dev_07,6,23,96,4,2,3,22.8,100.0,1,0,Medium
dev_04,5,89,107,7,3,1,14.0,76.3,2,1,High
dev_10,6,131,11,7,0,3,6.8,100.0,2,0,Low
dev_05,7,97,34,5,0,4,4.6,75.8,1,0,Low
dev_13,8,88,9,4,0,3,3.1,84.1,3,2,Low
dev_20,7,51,29,7,2,2,5.2,84.4,1,1,Low
dev_13,5,115,48,6,1,1,5.4,100.0,2,1,Medium
dev_07,9,67,7,3,0,4,4.0,73.1,2,0,Low
dev_11,9,101,36,4,0,6,11.8,72.8,3,0,Low
dev_12,6,12,58,3,1,1,0.7,78.6,4,0,Low
dev_19,10,31,14,4,1,3,0.2,66.6,0,1,Medium
dev_05,2,158,110,6,1,4,3.8,90.2,2,1,Low
dev_11,11,113,0,7,0,3,2.0,90.1,3,1,Low
dev_02,7,48,68,6,1,4,7.0,58.7,0,0,Low
dev_18,3,81,82,3,0,4,6.1,78.4,2,3,Medium
dev_13,10,98,76,6,2,5,8.9,95.3,5,2,Low
dev_13,5,306,23,5,1,6,0.8,65.1,3,0,Low
dev_01,8,199,98,3,0,1,3.9,79.2,3,0,Low
dev_11,3,129,16,7,0,1,2.7,83.4,3,2,Low
dev_11,10,42,108,7,1,4,14.0,61.7,0,1,Low
dev_19,1,231,28,4,2,4,11.7,67.8,1,1,Medium
dev_13,11,96,165,9,1,5,3.3,82.4,1,0,Low
dev_05,8,34,50,6,3,3,1.0,70.7,0,2,High
dev_18,8,125,17,5,0,3,2.7,73.2,2,2,Low
dev_04,8,57,85,6,0,1,8.0,61.5,5,1,Low
dev_06,12,159,28,7,1,4,19.4,96.1,2,0,Low
dev_16,8,20,42,5,3,3,35.4,84.9,3,0,High
dev_02,5,129,10,5,0,3,0.9,92.3,1,2,Low
dev_03,5,240,44,8,1,2,0.4,88.4,2,0,Low
dev_13,9,64,105,2,1,4,12.8,74.9,4,2,Low
dev_16,8,99,88,5,3,5,8.5,77.2,1,0,Low
dev_01,7,54,40,6,1,4,7.3,79.6,2,3,Medium
dev_09,8,136,73,8,2,4,13.8,76.5,1,1,Medium
dev_02,13,58,40,13,2,2,21.1,90.3,1,2,Medium
dev_03,13,107,8,3,1,2,8.6,78.2,3,0,Low
dev_05,7,144,27,9,1,5,3.7,50.2,4,0,Low
dev_05,10,283,35,5,1,3,4.4,68.3,1,1,Low
dev_10,7,216,19,5,2,3,0.8,65.7,5,2,Medium
dev_12,9,73,4,2,1,4,6.5,72.3,1,0,Low
dev_02,6,128,17,9,0,2,4.7,76.3,2,1,Low
dev_13,12,52,40,7,0,2,0.3,47.2,1,0,Low
dev_14,9,120,95,2,1,3,0.6,89.4,1,0,Low
dev_12,9,58,8,5,0,3,17.2,58.3,1,0,Low
dev_01,8,37,25,3,0,2,7.8,72.4,4,0,Low
dev_18,7,137,41,4,2,5,1.4,76.6,4,0,Low
dev_08,8,339,75,8,0,3,7.9,65.7,1,0,Low
dev_07,11,59,42,4,3,3,4.0,61.8,2,2,Medium
dev_07,7,99,36,9,0,4,4.0,67.8,1,2,Low
dev_12,7,497,60,5,2,5,5.2,73.8,3,2,High
dev_07,10,66,125,3,1,4,5.6,64.4,2,1,Low
dev_02,7,52,19,2,2,4,8.4,68.9,3,0,Low
dev_08,12,148,68,5,0,2,1.2,87.4,2,1,Low
dev_20,3,47,91,2,2,7,1.2,66.3,2,0,Low
dev_02,8,125,99,3,0,4,0.3,100.0,1,1,Low
dev_16,10,103,49,8,2,2,7.9,88.7,0,0,Low
dev_19,3,70,6,5,2,2,8.8,74.1,2,1,Low
dev_05,6,71,49,6,1,0,7.1,39.4,4,2,Medium
dev_11,11,101,153,3,1,1,0.0,87.6,1,1,Medium
dev_10,6,186,61,3,2,3,2.9,61.6,5,1,Low
dev_05,7,278,6,7,1,4,3.1,69.8,0,2,Medium
dev_04,7,89,56,6,3,4,14.8,98.8,3,1,Medium
dev_10,6,168,42,7,1,1,1.7,67.6,1,1,Medium
dev_04,6,266,22,5,2,1,0.6,74.7,1,2,High
dev_13,11,94,18,6,0,3,0.5,47.0,3,2,Low
dev_09,8,119,172,2,0,2,1.9,83.2,1,0,Low
dev_15,5,145,139,4,3,1,3.3,78.6,3,0,Medium
dev_04,8,200,76,7,3,3,0.2,96.5,1,1,Medium
dev_12,2,244,94,3,0,3,3.8,100.0,5,2,Low
dev_11,3,276,59,5,2,2,6.9,81.0,1,2,Medium
dev_04,11,209,75,7,0,5,16.4,84.1,1,0,Low
dev_08,7,96,137,3,0,0,0.8,70.2,6,0,Low
dev_10,2,25,24,7,0,4,7.2,68.3,2,1,Low
dev_02,8,192,265,2,2,3,2.9,81.1,0,1,Medium
dev_01,8,60,86,9,1,0,6.3,76.8,2,1,Low
dev_17,6,186,43,4,1,1,6.0,75.8,2,1,Medium
dev_11,9,56,81,7,1,2,1.9,83.9,4,4,Medium
dev_14,10,79,151,7,1,2,4.0,51.5,2,0,Low
dev_09,5,227,81,7,2,2,3.9,87.7,2,4,High
dev_02,8,123,92,5,1,2,5.7,89.1,0,2,Medium
dev_19,12,43,73,3,3,3,2.4,58.8,0,0,Medium
dev_20,8,61,124,5,1,3,12.4,88.1,0,1,Medium
dev_16,12,118,40,6,2,0,2.4,82.6,1,0,Low
dev_14,9,53,34,4,2,0,1.1,65.7,2,0,Medium
dev_09,15,103,78,4,2,3,0.2,67.9,3,1,Low
dev_06,7,167,6,5,0,2,0.3,72.5,3,1,Low
dev_20,7,185,11,3,0,1,4.9,62.4,3,2,Low
dev_09,6,52,90,5,3,3,1.1,100.0,2,0,Medium
dev_11,10,84,60,4,3,6,7.9,71.9,1,1,Low
dev_15,8,301,58,2,0,0,4.5,52.2,2,0,Medium
dev_15,7,292,123,8,3,5,5.0,88.3,1,1,Medium
dev_07,8,249,124,7,4,4,4.4,80.9,2,0,Medium
dev_06,12,235,51,5,1,8,1.5,66.1,3,2,Low
dev_11,6,50,48,3,5,5,5.1,61.9,0,1,High
dev_17,6,26,24,8,3,1,10.5,83.8,4,0,Low
dev_12,11,166,22,8,0,2,12.0,72.3,1,0,Low
dev_06,4,299,44,5,3,0,15.6,100.0,2,1,Medium
dev_15,11,324,69,3,1,3,15.1,73.1,0,0,Low
dev_12,6,307,96,4,0,1,19.5,70.6,3,1,Medium
dev_16,7,92,1,3,1,5,0.8,71.6,2,1,Low
dev_18,5,194,20,5,1,2,21.2,63.9,3,0,Low
dev_06,12,65,31,8,2,3,0.8,85.9,3,2,Low
dev_01,8,308,10,4,0,0,1.9,60.7,5,0,Low
dev_09,15,66,10,3,0,1,1.6,60.5,2,3,Medium
dev_12,5,241,125,3,0,3,8.0,72.5,3,0,Low
dev_04,9,223,101,3,1,4,3.0,72.5,1,1,Medium
dev_20,13,177,42,3,0,3,0.8,76.5,5,2,Low
dev_01,10,151,96,9,1,1,3.6,72.8,3,2,Medium
dev_07,3,99,5,3,0,1,11.0,52.9,2,0,Low
dev_09,9,90,35,5,0,5,0.2,82.3,1,2,Low
dev_17,10,188,25,7,1,4,4.4,79.3,2,0,Low
dev_12,10,132,156,2,0,2,0.6,57.9,2,3,Medium
dev_17,11,108,145,6,0,2,3.3,90.9,3,2,Medium
dev_12,7,47,77,3,1,1,12.5,72.7,1,1,Medium
dev_13,9,18,38,5,3,2,10.8,99.2,4,0,Medium
dev_05,10,164,81,6,3,5,2.2,51.4,2,1,Medium
dev_10,5,76,102,2,1,1,3.9,100.0,1,1,Low
dev_07,9,126,11,1,0,2,6.2,74.3,4,3,Low
dev_09,6,230,2,6,1,4,20.7,91.8,1,3,High
dev_17,9,269,13,2,1,8,13.5,90.5,0,0,Low
dev_16,9,207,87,9,1,2,1.8,73.1,2,1,Medium
dev_16,10,48,13,5,2,4,13.1,98.9,2,0,Low
dev_09,7,63,12,2,1,0,10.0,43.8,3,1,Medium
dev_11,3,355,42,6,0,3,5.0,58.5,2,0,Low
dev_04,8,189,65,5,0,4,23.8,70.6,3,1,Low
dev_11,7,82,14,3,0,2,16.9,83.9,1,2,Medium
dev_11,6,207,132,2,3,8,1.4,56.7,2,0,Medium
dev_01,10,153,31,8,3,2,10.2,53.8,1,0,Low
dev_03,3,32,6,7,0,1,7.6,84.1,3,0,Low
dev_06,8,148,64,3,0,6,13.4,55.7,2,1,Low
dev_01,13,419,30,5,3,4,10.4,94.6,3,0,Medium
dev_15,13,107,61,6,1,1,0.4,75.7,1,0,Low
dev_04,8,487,38,6,0,4,0.8,89.3,1,1,Medium
dev_10,7,142,32,5,0,3,6.0,70.1,3,3,Low
dev_20,11,335,27,7,2,4,1.2,75.2,1,1,Medium
dev_03,10,224,213,3,0,2,10.3,76.1,3,0,Low
dev_17,5,44,27,4,0,6,0.7,77.1,2,1,Low
dev_01,10,13,43,5,2,0,8.7,76.2,5,3,Medium
dev_10,8,34,21,7,0,5,6.1,90.0,1,1,Low
dev_07,11,78,59,6,2,2,9.6,78.4,2,0,Low
dev_11,4,245,14,6,0,3,1.0,78.2,1,1,Low
dev_09,11,155,56,5,2,4,16.9,87.2,3,1,Low
dev_04,8,36,136,5,1,4,2.8,83.6,1,0,Low
dev_20,8,221,77,5,3,4,0.5,96.0,1,0,Medium
dev_13,12,52,159,5,1,5,7.7,70.0,1,0,Low
dev_16,7,340,30,7,1,4,2.3,76.7,3,1,Low
dev_16,11,271,70,7,2,2,24.2,62.7,0,0,High
dev_12,5,298,33,5,3,3,23.2,60.6,3,1,Medium
dev_11,10,200,12,7,1,1,8.9,48.1,1,2,Medium
dev_14,9,569,22,5,0,3,5.0,71.1,2,2,Medium
dev_17,7,73,29,5,1,2,4.0,100.0,1,0,Low
dev_11,9,132,38,5,1,3,15.4,77.6,2,3,Medium
dev_20,11,327,137,3,0,2,1.5,73.6,0,1,Low
dev_06,6,127,55,4,2,8,7.9,83.5,1,1,Low
dev_06,12,193,8,7,2,3,1.4,82.6,1,0,Medium
dev_05,10,285,71,4,0,1,3.1,74.1,4,2,Medium
dev_05,9,70,22,3,1,3,0.6,59.8,4,1,Low
dev_03,11,21,25,4,1,3,4.1,62.3,1,1,Medium
dev_03,9,36,27,4,1,1,3.2,66.6,2,3,Medium
dev_14,5,73,89,6,2,5,2.5,79.2,2,1,Low
dev_19,4,32,52,2,2,0,2.1,72.3,3,4,High
dev_02,5,116,38,3,2,2,5.6,71.7,3,3,Medium
dev_18,9,169,41,4,1,4,6.9,84.6,4,1,Low
dev_05,9,46,52,5,1,2,4.1,53.4,1,0,Low
dev_10,11,159,121,9,1,1,6.1,69.8,1,0,Low
dev_05,5,266,14,5,0,3,1.7,65.7,0,2,Low
dev_17,11,97,72,4,2,3,3.7,47.0,2,4,Medium
dev_20,6,343,152,3,1,4,0.2,53.0,0,5,High
dev_02,5,95,79,7,2,1,12.5,59.1,0,0,Medium
dev_18,14,439,19,5,2,2,8.2,91.0,5,0,Medium
dev_20,8,63,17,5,3,0,4.2,51.0,2,0,Medium
dev_17,6,211,12,6,0,6,4.2,48.3,2,2,Low
dev_17,10,126,112,2,1,5,0.7,61.3,0,1,Medium
dev_09,6,248,103,6,0,5,0.4,90.0,1,2,Medium
dev_10,11,38,281,1,4,1,3.7,81.9,3,2,High
dev_12,9,31,70,5,1,5,3.7,73.3,4,0,Low
dev_11,8,188,73,5,1,0,1.3,74.0,0,0,Low
dev_13,5,207,8,5,2,2,7.2,75.9,3,1,Medium
dev_04,5,73,104,6,0,3,0.6,70.5,5,2,Low
dev_09,9,50,166,7,2,3,0.4,79.9,1,2,Medium
dev_19,10,84,61,5,1,5,6.6,65.2,5,0,Low
dev_05,6,159,24,6,1,2,11.1,62.4,4,2,Medium
dev_06,7,280,9,6,0,1,5.0,76.3,3,1,Low
dev_04,9,205,35,3,0,3,19.5,93.3,2,1,Medium
dev_07,8,51,137,6,1,1,7.2,65.2,3,2,Low
dev_02,10,187,43,9,1,1,6.7,73.3,4,0,Low
dev_09,7,91,86,8,3,0,0.3,80.0,1,1,High
dev_19,13,165,27,4,2,4,5.4,71.0,2,0,Low
dev_07,7,142,58,6,3,0,8.0,79.9,2,1,Medium
dev_02,7,26,84,8,1,5,3.5,100.0,2,4,Medium
dev_16,5,210,5,4,1,4,2.6,73.4,1,1,Low
dev_15,7,99,93,5,2,2,0.4,97.6,2,1,Medium
dev_16,7,102,97,7,3,4,2.5,97.2,3,0,Medium
dev_05,8,180,75,3,0,4,11.7,85.3,6,1,Low
dev_07,4,58,26,4,0,3,13.8,95.0,1,1,Low
dev_16,7,177,67,6,1,0,1.5,78.5,4,0,Low
dev_18,8,158,17,4,1,2,15.9,71.9,5,1,Low
dev_05,7,249,34,3,4,2,5.5,94.2,0,0,High
dev_08,9,57,69,2,1,1,0.3,62.9,0,1,Medium
dev_17,9,96,19,3,0,4,17.3,73.5,4,4,Low
dev_12,12,359,36,6,2,3,2.6,60.8,2,1,Medium
dev_14,6,162,60,6,3,5,0.7,67.2,1,2,Medium
dev_11,14,288,9,8,0,3,0.7,66.0,2,1,Low
dev_02,10,154,252,4,1,4,1.8,59.2,3,0,Low
dev_09,8,109,39,3,2,6,11.1,68.0,1,1,Medium
dev_07,7,241,17,4,1,4,4.0,67.1,1,0,Low
dev_17,11,283,61,5,2,2,8.7,84.5,2,1,Medium
dev_09,8,164,37,2,1,4,2.2,100.0,2,0,Low
dev_10,8,39,250,6,3,2,9.6,78.0,3,1,Medium
dev_02,14,190,62,9,1,2,14.4,73.4,0,1,Medium
dev_09,9,268,192,6,0,5,3.2,91.8,2,1,Low
dev_12,4,109,15,6,0,3,10.2,59.0,1,2,Low
dev_17,9,272,53,3,0,3,1.0,84.9,2,1,Low
dev_09,12,137,127,7,0,3,2.4,90.1,1,1,Low
dev_17,8,174,32,2,2,2,8.7,80.2,3,0,Low
dev_04,7,161,139,7,2,1,25.5,78.9,3,0,Medium
dev_07,4,241,149,7,0,5,0.8,63.4,1,1,Low
dev_10,6,59,97,4,0,1,20.5,65.1,5,1,Low
dev_11,8,125,112,3,0,4,15.4,93.2,0,1,Medium
dev_16,8,371,9,4,1,4,0.2,95.8,1,3,Medium
dev_02,9,406,138,2,2,3,5.2,34.3,2,2,High
dev_04,6,28,97,4,1,2,0.1,48.8,2,2,Low
dev_10,6,223,57,5,1,2,3.0,86.8,1,2,Medium
dev_12,7,426,27,6,1,4,2.9,85.4,5,1,Low
dev_02,3,152,9,8,3,4,7.1,96.2,2,2,Medium
dev_03,7,90,2,3,3,2,4.8,60.8,5,1,Medium
dev_10,9,379,33,6,1,3,7.3,70.7,2,3,High
dev_06,4,37,180,2,1,2,3.0,77.5,2,0,Medium
dev_15,12,94,17,9,2,3,0.3,82.0,5,0,Low
dev_16,6,33,62,2,4,9,7.2,81.4,4,0,Low
dev_12,7,170,154,4,2,1,7.5,82.9,1,1,Medium
dev_18,7,334,74,5,1,3,28.6,46.0,2,3,High
dev_10,7,132,72,5,1,3,2.9,75.1,8,0,Low
dev_12,9,739,17,5,0,0,0.2,73.1,2,1,High
dev_05,7,205,48,3,1,4,6.4,82.3,1,0,Low
dev_13,12,35,42,4,0,2,1.3,83.1,3,0,Low
dev_16,7,223,2,6,0,4,8.3,63.3,1,2,Low
dev_13,15,41,46,3,2,2,8.9,70.4,1,0,Low
dev_01,9,50,52,3,0,3,17.0,60.5,1,2,Medium
dev_03,10,98,134,7,0,3,0.6,44.1,2,0,Low
dev_20,8,61,101,8,2,1,0.7,73.4,1,0,Medium
dev_18,8,76,97,8,1,1,0.4,68.8,2,0,Medium
dev_20,7,135,50,6,2,3,1.7,72.6,3,1,Medium
dev_15,9,64,76,5,0,3,1.6,90.3,1,1,Low
dev_16,6,362,56,4,1,1,2.1,77.7,1,1,Medium
dev_08,5,269,15,8,1,6,5.4,70.0,2,2,Low
dev_19,11,45,80,11,0,5,3.4,61.2,1,1,Low
dev_16,4,138,82,6,0,3,1.1,76.5,4,0,Low
dev_13,8,206,21,5,3,4,4.0,51.5,5,2,High
dev_16,5,182,167,4,1,1,13.1,58.3,3,0,Medium
dev_05,6,15,39,7,1,5,13.4,78.1,1,1,Low
dev_15,6,156,137,7,1,5,30.6,68.9,2,3,High
dev_18,6,99,44,4,2,3,2.5,46.1,1,0,Medium
